epoch,itr,loss,loss-jepa,reg-loss,enc-grad-norm,pred-grad-norm,gpu-time(ms),wall-time(ms)
1,0,0.85157,0.85157,0.84521,0.00000,0.00000,6045,26063
1,1,0.85181,0.85181,0.84521,0.00000,0.00000,577,584
1,2,0.82431,0.82431,0.84668,0.00000,0.00000,317,324
1,3,0.79557,0.79557,0.84619,0.00000,0.00000,313,2194
1,4,0.77543,0.77543,0.84814,0.00000,0.00000,293,300
1,5,0.74614,0.74614,0.85205,0.00000,0.00000,296,303
1,6,0.72809,0.72809,0.85400,0.00000,0.00000,292,298
1,7,0.70427,0.70427,0.85742,0.00000,0.00000,326,334
1,8,0.69467,0.69467,0.86084,0.00000,0.00000,303,310
1,9,0.67883,0.67883,0.86719,0.00000,0.00000,292,299
1,10,0.66719,0.66719,0.86963,0.00000,0.00000,251,258
1,11,0.64695,0.64695,0.87109,0.00000,0.00000,311,318
1,12,0.64243,0.64243,0.87598,0.00000,0.00000,312,319
1,13,0.62995,0.62995,0.87793,0.00000,0.00000,310,317
1,14,0.62271,0.62271,0.88184,0.00000,0.00000,287,294
1,15,0.60428,0.60428,0.88379,0.00000,0.00000,318,325
1,16,0.60094,0.60094,0.88770,0.00000,0.00000,314,321
1,17,0.58903,0.58903,0.89014,0.00000,0.00000,287,293
1,18,0.58295,0.58295,0.89307,0.00000,0.00000,294,301
1,19,0.57339,0.57339,0.89502,0.00000,0.00000,295,302
1,20,0.56307,0.56307,0.89746,0.00000,0.00000,292,299
1,21,0.56482,0.56482,0.89990,0.00000,0.00000,281,288
1,22,0.54907,0.54907,0.90186,0.00000,0.00000,326,333
1,23,0.56236,0.56236,0.90381,0.00000,0.00000,308,314
1,24,0.53973,0.53973,0.90625,0.00000,0.00000,328,335
1,25,0.54776,0.54776,0.90771,0.00000,0.00000,297,304
1,26,0.53630,0.53630,0.90918,0.00000,0.00000,295,302
1,27,0.53513,0.53513,0.91113,0.00000,0.00000,273,280
1,28,0.53119,0.53119,0.91309,0.00000,0.00000,293,300
1,29,0.52544,0.52544,0.91406,0.00000,0.00000,308,315
1,30,0.51546,0.51546,0.91553,0.00000,0.00000,311,318
1,31,0.50855,0.50855,0.91699,0.00000,0.00000,300,307
1,32,0.51101,0.51101,0.92139,0.00000,0.00000,266,273
1,33,0.50372,0.50372,0.92041,0.00000,0.00000,277,284
1,34,0.50625,0.50625,0.92188,0.00000,0.00000,308,315
1,35,0.49094,0.49094,0.92334,0.00000,0.00000,278,285
1,36,0.49370,0.49370,0.92432,0.00000,0.00000,278,285
1,37,0.49839,0.49839,0.92529,0.00000,0.00000,283,290
1,38,0.48044,0.48044,0.92676,0.00000,0.00000,312,319
1,39,0.48025,0.48025,0.92725,0.00000,0.00000,290,297
1,40,0.48048,0.48048,0.92920,0.00000,0.00000,292,299
1,41,0.48218,0.48218,0.92920,0.00000,0.00000,316,323
1,42,0.47115,0.47115,0.93164,0.00000,0.00000,303,310
1,43,0.47492,0.47492,0.93164,0.00000,0.00000,291,298
1,44,0.46112,0.46112,0.93115,0.00000,0.00000,300,306
2,0,0.46074,0.46074,0.93262,0.00000,0.00000,350,1149
2,1,0.45727,0.45727,0.93408,0.00000,0.00000,311,322
2,2,0.45472,0.45472,0.93408,0.00000,0.00000,300,308
2,3,0.45639,0.45639,0.93555,0.00000,0.00000,325,332
2,4,0.46324,0.46324,0.93555,0.00000,0.00000,402,409
2,5,0.43997,0.43997,0.93555,0.00000,0.00000,283,290
2,6,0.45599,0.45599,0.93604,0.00000,0.00000,320,326
2,7,0.42294,0.42294,0.93604,0.00000,0.00000,292,299
2,8,0.42703,0.42703,0.93555,0.00000,0.00000,302,309
2,9,0.43685,0.43685,0.93652,0.00000,0.00000,273,280
2,10,0.43842,0.43842,0.93701,0.00000,0.00000,283,290
2,11,0.43229,0.43229,0.93652,0.00000,0.00000,293,300
2,12,0.40795,0.40795,0.93604,0.00000,0.00000,310,317
2,13,0.41876,0.41876,0.93506,0.00000,0.00000,280,288
2,14,0.41444,0.41444,0.93604,0.00000,0.00000,317,324
2,15,0.40353,0.40353,0.93604,0.00000,0.00000,306,313
2,16,0.40019,0.40019,0.93555,0.00000,0.00000,300,307
2,17,0.40232,0.40232,0.93555,0.00000,0.00000,323,330
2,18,0.40666,0.40666,0.93457,0.00000,0.00000,307,314
2,19,0.39612,0.39612,0.93457,0.00000,0.00000,301,308
2,20,0.38741,0.38741,0.93359,0.00000,0.00000,325,332
2,21,0.36608,0.36608,0.93457,0.00000,0.00000,302,309
2,22,0.42816,0.42816,0.93213,0.00000,0.00000,296,303
2,23,0.36521,0.36521,0.93262,0.00000,0.00000,279,286
2,24,0.37273,0.37273,0.93213,0.00000,0.00000,291,298
2,25,0.36223,0.36223,0.93164,0.00000,0.00000,299,306
2,26,0.38740,0.38740,0.92969,0.00000,0.00000,303,310
2,27,0.36413,0.36413,0.93018,0.00000,0.00000,309,316
2,28,0.35460,0.35460,0.92822,0.00000,0.00000,314,321
2,29,0.34892,0.34892,0.92871,0.00000,0.00000,285,292
2,30,0.34609,0.34609,0.92773,0.00000,0.00000,306,312
2,31,0.34501,0.34501,0.92725,0.00000,0.00000,326,333
2,32,0.34646,0.34646,0.92676,0.00000,0.00000,278,285
2,33,0.33398,0.33398,0.92529,0.00000,0.00000,284,290
2,34,0.35369,0.35369,0.92432,0.00000,0.00000,289,296
2,35,0.33707,0.33707,0.92334,0.00000,0.00000,285,292
2,36,0.34956,0.34956,0.92236,0.00000,0.00000,312,319
2,37,0.32783,0.32783,0.92139,0.00000,0.00000,300,307
2,38,0.31933,0.31933,0.92090,0.00000,0.00000,302,308
2,39,0.32721,0.32721,0.91895,0.00000,0.00000,308,315
2,40,0.32934,0.32934,0.91846,0.00000,0.00000,307,314
2,41,0.30683,0.30683,0.91699,0.00000,0.00000,279,285
2,42,0.30652,0.30652,0.91748,0.00000,0.00000,305,312
2,43,0.30333,0.30333,0.91504,0.00000,0.00000,290,297
2,44,0.31520,0.31520,0.91504,0.00000,0.00000,324,331
3,0,0.30676,0.30676,0.91309,0.00000,0.00000,302,1288
3,1,0.29762,0.29762,0.91211,0.00000,0.00000,336,346
3,2,0.28464,0.28464,0.91211,0.00000,0.00000,302,309
3,3,0.29615,0.29615,0.90967,0.00000,0.00000,291,298
3,4,0.27084,0.27084,0.90967,0.00000,0.00000,298,305
3,5,0.27028,0.27028,0.90820,0.00000,0.00000,324,331
3,6,0.26306,0.26306,0.90771,0.00000,0.00000,319,326
3,7,0.26484,0.26484,0.91162,0.00000,0.00000,305,312
3,8,0.29549,0.29549,0.90967,0.00000,0.00000,327,334
3,9,0.28633,0.28633,0.90967,0.00000,0.00000,312,319
3,10,0.26635,0.26635,0.90820,0.00000,0.00000,299,306
3,11,0.27206,0.27206,0.90771,0.00000,0.00000,324,331
3,12,0.26104,0.26104,0.90625,0.00000,0.00000,301,308
3,13,0.26637,0.26637,0.90820,0.00000,0.00000,304,311
3,14,0.24336,0.24336,0.90723,0.00000,0.00000,305,312
3,15,0.24958,0.24958,0.90625,0.00000,0.00000,304,311
3,16,0.25153,0.25153,0.90674,0.00000,0.00000,301,308
3,17,0.24695,0.24695,0.90625,0.00000,0.00000,299,306
3,18,0.24652,0.24652,0.90723,0.00000,0.00000,299,306
3,19,0.24299,0.24299,0.90381,0.00000,0.00000,291,298
3,20,0.24775,0.24775,0.90430,0.00000,0.00000,299,306
3,21,0.23816,0.23816,0.90430,0.00000,0.00000,290,297
3,22,0.24076,0.24076,0.90234,0.00000,0.00000,297,304
3,23,0.22853,0.22853,0.90186,0.00000,0.00000,290,298
3,24,0.24622,0.24622,0.90088,0.00000,0.00000,284,291
3,25,0.23566,0.23566,0.90088,0.00000,0.00000,289,296
3,26,0.22301,0.22301,0.89990,0.00000,0.00000,292,300
3,27,0.24530,0.24530,0.89746,0.00000,0.00000,310,317
3,28,0.22424,0.22424,0.89600,0.00000,0.00000,291,298
3,29,0.22361,0.22361,0.89453,0.00000,0.00000,276,283
3,30,0.24487,0.24487,0.89160,0.00000,0.00000,311,318
3,31,0.24077,0.24077,0.88965,0.00000,0.00000,293,300
3,32,0.23556,0.23556,0.88965,0.00000,0.00000,295,302
3,33,0.20366,0.20366,0.88721,0.00000,0.00000,284,291
3,34,0.21493,0.21493,0.88818,0.00000,0.00000,289,296
3,35,0.23254,0.23254,0.89014,0.00000,0.00000,289,296
3,36,0.19202,0.19202,0.88574,0.00000,0.00000,294,301
3,37,0.17762,0.17762,0.89160,0.00000,0.00000,305,312
3,38,0.23462,0.23462,0.89209,0.00000,0.00000,273,279
3,39,0.20143,0.20143,0.88770,0.00000,0.00000,307,314
3,40,0.19353,0.19353,0.88525,0.00000,0.00000,281,287
3,41,0.20363,0.20363,0.88232,0.00000,0.00000,290,297
3,42,0.19601,0.19601,0.88232,0.00000,0.00000,311,318
3,43,0.18842,0.18842,0.88330,0.00000,0.00000,298,305
3,44,0.19245,0.19245,0.87891,0.00000,0.00000,303,310
4,0,0.17613,0.17613,0.88232,0.00000,0.00000,309,1090
4,1,0.20093,0.20093,0.88086,0.00000,0.00000,295,302
4,2,0.19358,0.19358,0.87500,0.00000,0.00000,310,317
4,3,0.16733,0.16733,0.87207,0.00000,0.00000,299,306
4,4,0.16801,0.16801,0.87793,0.00000,0.00000,312,319
4,5,0.17033,0.17033,0.88232,0.00000,0.00000,276,283
4,6,0.20352,0.20352,0.88281,0.00000,0.00000,279,286
4,7,0.16389,0.16389,0.88428,0.00000,0.00000,304,311
4,8,0.16627,0.16627,0.88867,0.00000,0.00000,260,267
4,9,0.15927,0.15927,0.88232,0.00000,0.00000,302,309
4,10,0.19805,0.19805,0.88428,0.00000,0.00000,312,319
4,11,0.15654,0.15654,0.88965,0.00000,0.00000,281,288
4,12,0.16554,0.16554,0.88232,0.00000,0.00000,272,279
4,13,0.17676,0.17676,0.87695,0.00000,0.00000,318,325
4,14,0.15716,0.15716,0.87646,0.00000,0.00000,283,290
4,15,0.15683,0.15683,0.87646,0.00000,0.00000,294,302
4,16,0.16924,0.16924,0.87354,0.00000,0.00000,307,314
4,17,0.15769,0.15769,0.87256,0.00000,0.00000,299,306
4,18,0.19878,0.19878,0.86914,0.00000,0.00000,304,311
4,19,0.15933,0.15933,0.86230,0.00000,0.00000,286,293
4,20,0.15138,0.15138,0.85840,0.00000,0.00000,305,312
4,21,0.14108,0.14108,0.86768,0.00000,0.00000,273,280
4,22,0.16902,0.16902,0.87500,0.00000,0.00000,288,295
4,23,0.15954,0.15954,0.88086,0.00000,0.00000,294,301
4,24,0.15467,0.15467,0.87256,0.00000,0.00000,316,323
4,25,0.17358,0.17358,0.86182,0.00000,0.00000,315,322
4,26,0.16657,0.16657,0.85986,0.00000,0.00000,296,303
4,27,0.15650,0.15650,0.86084,0.00000,0.00000,315,322
4,28,0.15264,0.15264,0.87012,0.00000,0.00000,324,331
4,29,0.16684,0.16684,0.87207,0.00000,0.00000,276,282
4,30,0.16738,0.16738,0.87158,0.00000,0.00000,288,295
4,31,0.13634,0.13634,0.86328,0.00000,0.00000,299,306
4,32,0.15679,0.15679,0.85254,0.00000,0.00000,313,319
4,33,0.14733,0.14733,0.84131,0.00000,0.00000,314,320
4,34,0.19373,0.19373,0.84717,0.00000,0.00000,299,306
4,35,0.13876,0.13876,0.85596,0.00000,0.00000,331,337
4,36,0.18455,0.18455,0.85938,0.00000,0.00000,265,271
4,37,0.14424,0.14424,0.85693,0.00000,0.00000,294,301
4,38,0.16146,0.16146,0.85547,0.00000,0.00000,299,306
4,39,0.18585,0.18585,0.84229,0.00000,0.00000,313,319
4,40,0.14735,0.14735,0.84717,0.00000,0.00000,293,300
4,41,0.13068,0.13068,0.85938,0.00000,0.00000,273,280
4,42,0.13582,0.13582,0.86523,0.00000,0.00000,290,297
4,43,0.16462,0.16462,0.86670,0.00000,0.00000,301,308
4,44,0.16815,0.16815,0.86328,0.00000,0.00000,298,305
5,0,0.15790,0.15790,0.85742,0.00000,0.00000,319,1201
5,1,0.14714,0.14714,0.84229,0.00000,0.00000,273,282
5,2,0.15386,0.15386,0.84326,0.00000,0.00000,287,294
5,3,0.14425,0.14425,0.84766,0.00000,0.00000,300,307
5,4,0.15754,0.15754,0.85303,0.00000,0.00000,301,308
5,5,0.12898,0.12898,0.85498,0.00000,0.00000,301,308
5,6,0.15582,0.15582,0.84863,0.00000,0.00000,291,298
5,7,0.14933,0.14933,0.84717,0.00000,0.00000,310,317
5,8,0.15212,0.15212,0.84375,0.00000,0.00000,290,297
5,9,0.14025,0.14025,0.84082,0.00000,0.00000,291,298
5,10,0.13600,0.13600,0.84912,0.00000,0.00000,295,302
5,11,0.14905,0.14905,0.84570,0.00000,0.00000,314,321
5,12,0.16558,0.16558,0.84521,0.00000,0.00000,275,282
5,13,0.15657,0.15657,0.83936,0.00000,0.00000,271,278
5,14,0.12184,0.12184,0.84326,0.00000,0.00000,313,321
5,15,0.13729,0.13729,0.83838,0.00000,0.00000,306,313
5,16,0.14915,0.14915,0.84131,0.00000,0.00000,283,290
5,17,0.13177,0.13177,0.84619,0.00000,0.00000,282,289
5,18,0.13656,0.13656,0.84180,0.00000,0.00000,280,287
5,19,0.17018,0.17018,0.84033,0.00000,0.00000,297,304
5,20,0.11362,0.11362,0.84180,0.00000,0.00000,308,315
5,21,0.14752,0.14752,0.83350,0.00000,0.00000,300,307
5,22,0.14710,0.14710,0.83984,0.00000,0.00000,278,285
5,23,0.17222,0.17222,0.84180,0.00000,0.00000,301,308
5,24,0.14111,0.14111,0.83936,0.00000,0.00000,278,285
5,25,0.19960,0.19960,0.83203,0.00000,0.00000,293,300
5,26,0.19029,0.19029,0.82422,0.00000,0.00000,268,275
5,27,0.13365,0.13365,0.82812,0.00000,0.00000,318,325
5,28,0.15035,0.15035,0.82471,0.00000,0.00000,300,307
5,29,0.13391,0.13391,0.83008,0.00000,0.00000,302,309
5,30,0.13521,0.13521,0.83643,0.00000,0.00000,284,291
5,31,0.17213,0.17213,0.83887,0.00000,0.00000,327,334
5,32,0.12596,0.12596,0.84375,0.00000,0.00000,300,307
5,33,0.13105,0.13105,0.84863,0.00000,0.00000,310,317
5,34,0.16527,0.16527,0.83691,0.00000,0.00000,284,291
5,35,0.15127,0.15127,0.83252,0.00000,0.00000,311,318
5,36,0.15255,0.15255,0.83447,0.00000,0.00000,308,315
5,37,0.16534,0.16534,0.82959,0.00000,0.00000,297,304
5,38,0.12756,0.12756,0.82910,0.00000,0.00000,303,310
5,39,0.15961,0.15961,0.84131,0.00000,0.00000,286,293
5,40,0.11228,0.11228,0.84766,0.00000,0.00000,303,310
5,41,0.13231,0.13231,0.84570,0.00000,0.00000,294,301
5,42,0.11651,0.11651,0.84521,0.00000,0.00000,315,321
5,43,0.16998,0.16998,0.83838,0.00000,0.00000,307,313
5,44,0.14891,0.14891,0.81836,0.00000,0.00000,297,304
6,0,0.11998,0.11998,0.82422,0.00000,0.00000,298,1217
6,1,0.16115,0.16115,0.82275,0.00000,0.00000,286,293
6,2,0.16830,0.16830,0.83057,0.00000,0.00000,301,308
6,3,0.16331,0.16331,0.83301,0.00000,0.00000,285,292
6,4,0.16148,0.16148,0.82764,0.00000,0.00000,304,311
6,5,0.12637,0.12637,0.82617,0.00000,0.00000,313,320
6,6,0.14107,0.14107,0.82666,0.00000,0.00000,279,286
6,7,0.14655,0.14655,0.82617,0.00000,0.00000,296,303
6,8,0.16344,0.16344,0.82275,0.00000,0.00000,281,288
6,9,0.12778,0.12778,0.81543,0.00000,0.00000,316,323
6,10,0.14127,0.14127,0.82324,0.00000,0.00000,305,312
6,11,0.14002,0.14002,0.83008,0.00000,0.00000,274,281
6,12,0.16251,0.16251,0.81982,0.00000,0.00000,313,320
6,13,0.14558,0.14558,0.82812,0.00000,0.00000,286,293
6,14,0.14974,0.14974,0.82520,0.00000,0.00000,281,288
6,15,0.14054,0.14054,0.82324,0.00000,0.00000,312,318
6,16,0.14254,0.14254,0.81738,0.00000,0.00000,284,291
6,17,0.13435,0.13435,0.82617,0.00000,0.00000,289,296
6,18,0.09768,0.09768,0.84033,0.00000,0.00000,289,296
6,19,0.13373,0.13373,0.83545,0.00000,0.00000,282,289
6,20,0.15180,0.15180,0.81738,0.00000,0.00000,293,300
6,21,0.11223,0.11223,0.82471,0.00000,0.00000,287,294
6,22,0.11620,0.11620,0.82178,0.00000,0.00000,302,309
6,23,0.13423,0.13423,0.83838,0.00000,0.00000,300,307
6,24,0.10388,0.10388,0.84521,0.00000,0.00000,299,306
6,25,0.16193,0.16193,0.84180,0.00000,0.00000,304,311
6,26,0.20995,0.20995,0.83496,0.00000,0.00000,298,305
6,27,0.14804,0.14804,0.80957,0.00000,0.00000,278,285
6,28,0.15006,0.15006,0.79297,0.00000,0.00000,290,297
6,29,0.14160,0.14160,0.81738,0.00000,0.00000,300,307
6,30,0.16460,0.16460,0.82129,0.00000,0.00000,290,296
6,31,0.11017,0.11017,0.82861,0.00000,0.00000,305,312
6,32,0.16816,0.16816,0.82764,0.00000,0.00000,291,298
6,33,0.12223,0.12223,0.83105,0.00000,0.00000,304,311
6,34,0.18234,0.18234,0.82422,0.00000,0.00000,278,284
6,35,0.13068,0.13068,0.81494,0.00000,0.00000,304,311
6,36,0.12928,0.12928,0.81494,0.00000,0.00000,283,290
6,37,0.17995,0.17995,0.80957,0.00000,0.00000,281,288
6,38,0.12168,0.12168,0.81152,0.00000,0.00000,286,293
6,39,0.13550,0.13550,0.81836,0.00000,0.00000,299,306
6,40,0.13956,0.13956,0.82080,0.00000,0.00000,273,280
6,41,0.19950,0.19950,0.82080,0.00000,0.00000,295,302
6,42,0.16373,0.16373,0.80371,0.00000,0.00000,323,330
6,43,0.14946,0.14946,0.80811,0.00000,0.00000,308,315
6,44,0.14462,0.14462,0.82031,0.00000,0.00000,305,312
7,0,0.13949,0.13949,0.82324,0.00000,0.00000,299,1259
7,1,0.15667,0.15667,0.82275,0.00000,0.00000,317,324
7,2,0.14801,0.14801,0.80518,0.00000,0.00000,322,329
7,3,0.13621,0.13621,0.80225,0.00000,0.00000,290,297
7,4,0.13909,0.13909,0.80957,0.00000,0.00000,309,316
7,5,0.16873,0.16873,0.81885,0.00000,0.00000,294,301
7,6,0.13639,0.13639,0.84082,0.00000,0.00000,302,309
7,7,0.15101,0.15101,0.82764,0.00000,0.00000,288,295
7,8,0.15874,0.15874,0.82373,0.00000,0.00000,322,329
7,9,0.13628,0.13628,0.81104,0.00000,0.00000,313,320
7,10,0.13520,0.13520,0.80371,0.00000,0.00000,282,289
7,11,0.15078,0.15078,0.80322,0.00000,0.00000,292,299
7,12,0.14502,0.14502,0.81445,0.00000,0.00000,295,302
7,13,0.14420,0.14420,0.81055,0.00000,0.00000,301,308
7,14,0.10511,0.10511,0.82666,0.00000,0.00000,274,281
7,15,0.11935,0.11935,0.81885,0.00000,0.00000,287,295
7,16,0.16394,0.16394,0.83936,0.00000,0.00000,305,312
7,17,0.16898,0.16898,0.83936,0.00000,0.00000,293,300
7,18,0.20859,0.20859,0.81885,0.00000,0.00000,320,327
7,19,0.16018,0.16018,0.81201,0.00000,0.00000,300,307
7,20,0.14891,0.14891,0.80127,0.00000,0.00000,291,298
7,21,0.17068,0.17068,0.79980,0.00000,0.00000,303,310
7,22,0.14726,0.14726,0.82617,0.00000,0.00000,305,312
7,23,0.13956,0.13956,0.82959,0.00000,0.00000,272,279
7,24,0.16183,0.16183,0.83887,0.00000,0.00000,293,300
7,25,0.14810,0.14810,0.82959,0.00000,0.00000,306,313
7,26,0.14342,0.14342,0.82715,0.00000,0.00000,276,283
7,27,0.15363,0.15363,0.81787,0.00000,0.00000,296,303
7,28,0.15690,0.15690,0.80908,0.00000,0.00000,298,305
7,29,0.13931,0.13931,0.80762,0.00000,0.00000,298,305
7,30,0.15688,0.15688,0.80127,0.00000,0.00000,306,313
7,31,0.20714,0.20714,0.79492,0.00000,0.00000,290,297
7,32,0.14098,0.14098,0.80664,0.00000,0.00000,295,302
7,33,0.14267,0.14267,0.80566,0.00000,0.00000,295,301
7,34,0.11712,0.11712,0.82715,0.00000,0.00000,307,314
7,35,0.14148,0.14148,0.80811,0.00000,0.00000,295,302
7,36,0.11411,0.11411,0.83594,0.00000,0.00000,291,298
7,37,0.12491,0.12491,0.83496,0.00000,0.00000,299,306
7,38,0.15039,0.15039,0.83643,0.00000,0.00000,319,326
7,39,0.13858,0.13858,0.82422,0.00000,0.00000,294,301
7,40,0.12689,0.12689,0.81592,0.00000,0.00000,309,316
7,41,0.15423,0.15423,0.79785,0.00000,0.00000,288,295
7,42,0.18842,0.18842,0.77930,0.00000,0.00000,318,325
7,43,0.14115,0.14115,0.78027,0.00000,0.00000,297,303
7,44,0.19469,0.19469,0.78271,0.00000,0.00000,283,290
8,0,0.19320,0.19320,0.79492,0.00000,0.00000,318,1262
8,1,0.19160,0.19160,0.81152,0.00000,0.00000,344,351
8,2,0.17521,0.17521,0.82080,0.00000,0.00000,302,309
8,3,0.16813,0.16813,0.82227,0.00000,0.00000,301,308
8,4,0.22880,0.22880,0.82568,0.00000,0.00000,326,333
8,5,0.15632,0.15632,0.82373,0.00000,0.00000,280,287
8,6,0.17030,0.17030,0.82275,0.00000,0.00000,318,325
8,7,0.14149,0.14149,0.81494,0.00000,0.00000,297,304
8,8,0.14659,0.14659,0.79980,0.00000,0.00000,267,274
8,9,0.15695,0.15695,0.79932,0.00000,0.00000,299,306
8,10,0.15031,0.15031,0.79834,0.00000,0.00000,330,337
8,11,0.13742,0.13742,0.80371,0.00000,0.00000,317,324
8,12,0.13097,0.13097,0.80176,0.00000,0.00000,291,298
8,13,0.15007,0.15007,0.80322,0.00000,0.00000,326,333
8,14,0.13743,0.13743,0.81152,0.00000,0.00000,309,316
8,15,0.19538,0.19538,0.80566,0.00000,0.00000,307,314
8,16,0.16973,0.16973,0.81348,0.00000,0.00000,302,309
8,17,0.13578,0.13578,0.81787,0.00000,0.00000,279,286
8,18,0.14515,0.14515,0.81885,0.00000,0.00000,309,316
8,19,0.11834,0.11834,0.82324,0.00000,0.00000,305,312
8,20,0.14977,0.14977,0.81787,0.00000,0.00000,315,322
8,21,0.17623,0.17623,0.81543,0.00000,0.00000,293,300
8,22,0.19885,0.19885,0.80078,0.00000,0.00000,317,324
8,23,0.19968,0.19968,0.79736,0.00000,0.00000,298,305
8,24,0.16913,0.16913,0.79492,0.00000,0.00000,302,309
8,25,0.14585,0.14585,0.77832,0.00000,0.00000,308,315
8,26,0.14376,0.14376,0.79883,0.00000,0.00000,309,316
8,27,0.11574,0.11574,0.81689,0.00000,0.00000,334,341
8,28,0.18026,0.18026,0.81348,0.00000,0.00000,310,317
8,29,0.14363,0.14363,0.82129,0.00000,0.00000,290,297
8,30,0.17278,0.17278,0.81152,0.00000,0.00000,299,305
8,31,0.15648,0.15648,0.81006,0.00000,0.00000,319,325
8,32,0.15575,0.15575,0.78955,0.00000,0.00000,284,291
8,33,0.15387,0.15387,0.80273,0.00000,0.00000,303,310
8,34,0.24418,0.24418,0.78809,0.00000,0.00000,320,327
8,35,0.14496,0.14496,0.79639,0.00000,0.00000,301,308
8,36,0.13152,0.13152,0.80029,0.00000,0.00000,307,314
8,37,0.16769,0.16769,0.79004,0.00000,0.00000,283,290
8,38,0.25423,0.25423,0.78223,0.00000,0.00000,310,317
8,39,0.18084,0.18084,0.76660,0.00000,0.00000,311,317
8,40,0.17522,0.17522,0.73828,0.00000,0.00000,271,278
8,41,0.17509,0.17509,0.76074,0.00000,0.00000,311,318
8,42,0.19678,0.19678,0.83398,0.00000,0.00000,306,313
8,43,0.18016,0.18016,0.84814,0.00000,0.00000,297,304
8,44,0.15809,0.15809,0.85205,0.00000,0.00000,301,308
9,0,0.17886,0.17886,0.83789,0.00000,0.00000,309,1087
9,1,0.15082,0.15082,0.82031,0.00000,0.00000,297,304
9,2,0.20319,0.20319,0.80713,0.00000,0.00000,343,350
9,3,0.15608,0.15608,0.80273,0.00000,0.00000,284,291
9,4,0.20949,0.20949,0.79736,0.00000,0.00000,302,309
9,5,0.16263,0.16263,0.79248,0.00000,0.00000,307,314
9,6,0.15539,0.15539,0.79785,0.00000,0.00000,337,344
9,7,0.12269,0.12269,0.80322,0.00000,0.00000,292,299
9,8,0.15561,0.15561,0.80420,0.00000,0.00000,302,309
9,9,0.17757,0.17757,0.80225,0.00000,0.00000,295,302
9,10,0.18692,0.18692,0.81055,0.00000,0.00000,303,310
9,11,0.15191,0.15191,0.80029,0.00000,0.00000,308,315
9,12,0.17988,0.17988,0.78418,0.00000,0.00000,292,299
9,13,0.18399,0.18399,0.79102,0.00000,0.00000,287,294
9,14,0.19206,0.19206,0.77979,0.00000,0.00000,302,309
9,15,0.18395,0.18395,0.79541,0.00000,0.00000,294,300
9,16,0.17703,0.17703,0.81543,0.00000,0.00000,303,310
9,17,0.14055,0.14055,0.82520,0.00000,0.00000,321,328
9,18,0.15314,0.15314,0.81641,0.00000,0.00000,290,297
9,19,0.13720,0.13720,0.80859,0.00000,0.00000,302,309
9,20,0.19095,0.19095,0.81055,0.00000,0.00000,270,277
9,21,0.19986,0.19986,0.80713,0.00000,0.00000,311,318
9,22,0.21503,0.21503,0.78418,0.00000,0.00000,295,302
9,23,0.17242,0.17242,0.77148,0.00000,0.00000,310,317
9,24,0.18994,0.18994,0.74805,0.00000,0.00000,269,276
9,25,0.20199,0.20199,0.75000,0.00000,0.00000,300,307
9,26,0.18028,0.18028,0.75928,0.00000,0.00000,300,307
9,27,0.21888,0.21888,0.77490,0.00000,0.00000,284,291
9,28,0.21340,0.21340,0.77783,0.00000,0.00000,278,285
9,29,0.16291,0.16291,0.77344,0.00000,0.00000,287,294
9,30,0.23005,0.23005,0.76172,0.00000,0.00000,293,299
9,31,0.19279,0.19279,0.73584,0.00000,0.00000,312,319
9,32,0.19455,0.19455,0.72900,0.00000,0.00000,278,285
9,33,0.15752,0.15752,0.75586,0.00000,0.00000,295,301
9,34,0.15996,0.15996,0.77783,0.00000,0.00000,331,338
9,35,0.17152,0.17152,0.80127,0.00000,0.00000,283,290
9,36,0.21759,0.21759,0.83447,0.00000,0.00000,319,326
9,37,0.18139,0.18139,0.81396,0.00000,0.00000,291,298
9,38,0.22267,0.22267,0.81152,0.00000,0.00000,291,298
9,39,0.22452,0.22452,0.79834,0.00000,0.00000,299,306
9,40,0.20781,0.20781,0.79883,0.00000,0.00000,297,304
9,41,0.21237,0.21237,0.81592,0.00000,0.00000,310,316
9,42,0.17378,0.17378,0.80859,0.00000,0.00000,285,292
9,43,0.17518,0.17518,0.81494,0.00000,0.00000,277,284
9,44,0.16792,0.16792,0.81787,0.00000,0.00000,263,270
10,0,0.22014,0.22014,0.79199,0.00000,0.00000,310,1238
10,1,0.19490,0.19490,0.77783,0.00000,0.00000,314,325
10,2,0.20251,0.20251,0.77002,0.00000,0.00000,317,324
10,3,0.24495,0.24495,0.75488,0.00000,0.00000,297,304
10,4,0.20795,0.20795,0.75195,0.00000,0.00000,308,315
10,5,0.21099,0.21099,0.73389,0.00000,0.00000,296,303
10,6,0.22682,0.22682,0.73242,0.00000,0.00000,266,273
10,7,0.20331,0.20331,0.76904,0.00000,0.00000,317,324
10,8,0.19329,0.19329,0.77979,0.00000,0.00000,282,289
10,9,0.20418,0.20418,0.77979,0.00000,0.00000,316,324
10,10,0.16595,0.16595,0.78564,0.00000,0.00000,307,314
10,11,0.20985,0.20985,0.77344,0.00000,0.00000,286,293
10,12,0.14498,0.14498,0.78467,0.00000,0.00000,290,297
10,13,0.15987,0.15987,0.77734,0.00000,0.00000,299,306
10,14,0.21082,0.21082,0.76270,0.00000,0.00000,307,314
10,15,0.21294,0.21294,0.76514,0.00000,0.00000,293,300
10,16,0.18181,0.18181,0.78418,0.00000,0.00000,266,273
10,17,0.17178,0.17178,0.78516,0.00000,0.00000,325,332
10,18,0.17240,0.17240,0.77832,0.00000,0.00000,297,304
10,19,0.22355,0.22355,0.80713,0.00000,0.00000,285,291
10,20,0.14126,0.14126,0.77393,0.00000,0.00000,286,293
10,21,0.15596,0.15596,0.78125,0.00000,0.00000,272,279
10,22,0.18885,0.18885,0.78809,0.00000,0.00000,277,284
10,23,0.17042,0.17042,0.77441,0.00000,0.00000,304,311
10,24,0.18833,0.18833,0.77441,0.00000,0.00000,320,327
10,25,0.30109,0.30109,0.76855,0.00000,0.00000,273,280
10,26,0.21635,0.21635,0.73584,0.00000,0.00000,308,315
10,27,0.19629,0.19629,0.72266,0.00000,0.00000,315,322
10,28,0.15100,0.15100,0.78027,0.00000,0.00000,316,323
10,29,0.23448,0.23448,0.78027,0.00000,0.00000,303,310
10,30,0.24400,0.24400,0.77930,0.00000,0.00000,301,308
10,31,0.18373,0.18373,0.80225,0.00000,0.00000,309,316
10,32,0.20152,0.20152,0.77344,0.00000,0.00000,329,335
10,33,0.19125,0.19125,0.75098,0.00000,0.00000,288,295
10,34,0.20609,0.20609,0.76367,0.00000,0.00000,320,327
10,35,0.20800,0.20800,0.76514,0.00000,0.00000,284,291
10,36,0.21304,0.21304,0.73779,0.00000,0.00000,293,300
10,37,0.23457,0.23457,0.75586,0.00000,0.00000,295,302
10,38,0.20214,0.20214,0.76855,0.00000,0.00000,305,312
10,39,0.20892,0.20892,0.76709,0.00000,0.00000,297,304
10,40,0.22615,0.22615,0.73584,0.00000,0.00000,304,311
10,41,0.19512,0.19512,0.76221,0.00000,0.00000,311,317
10,42,0.20902,0.20902,0.74219,0.00000,0.00000,291,298
10,43,0.18012,0.18012,0.76416,0.00000,0.00000,257,264
10,44,0.24945,0.24945,0.72119,0.00000,0.00000,313,320
11,0,0.18144,0.18144,0.71484,0.00000,0.00000,312,1249
11,1,0.20640,0.20640,0.72803,0.00000,0.00000,304,311
11,2,0.19049,0.19049,0.75635,0.00000,0.00000,295,302
11,3,0.15733,0.15733,0.79248,0.00000,0.00000,300,308
11,4,0.18743,0.18743,0.79834,0.00000,0.00000,271,279
11,5,0.17165,0.17165,0.79639,0.00000,0.00000,273,280
11,6,0.18451,0.18451,0.80957,0.00000,0.00000,294,301
11,7,0.20730,0.20730,0.79443,0.00000,0.00000,278,285
11,8,0.20158,0.20158,0.78174,0.00000,0.00000,280,287
11,9,0.24127,0.24127,0.74658,0.00000,0.00000,289,296
11,10,0.21201,0.21201,0.76172,0.00000,0.00000,326,333
11,11,0.19596,0.19596,0.77148,0.00000,0.00000,292,299
11,12,0.22839,0.22839,0.73828,0.00000,0.00000,292,299
11,13,0.19248,0.19248,0.74219,0.00000,0.00000,298,305
11,14,0.29644,0.29644,0.71191,0.00000,0.00000,282,289
11,15,0.20306,0.20306,0.73584,0.00000,0.00000,286,292
11,16,0.18997,0.18997,0.78125,0.00000,0.00000,299,306
11,17,0.20434,0.20434,0.80615,0.00000,0.00000,311,318
11,18,0.17971,0.17971,0.79541,0.00000,0.00000,288,295
11,19,0.18024,0.18024,0.76660,0.00000,0.00000,323,330
11,20,0.18347,0.18347,0.76465,0.00000,0.00000,264,271
11,21,0.20415,0.20415,0.75586,0.00000,0.00000,319,326
11,22,0.24463,0.24463,0.75391,0.00000,0.00000,294,301
11,23,0.20916,0.20916,0.74072,0.00000,0.00000,314,321
11,24,0.24511,0.24511,0.73730,0.00000,0.00000,287,294
11,25,0.19566,0.19566,0.72754,0.00000,0.00000,317,324
11,26,0.18778,0.18778,0.72852,0.00000,0.00000,308,315
11,27,0.25985,0.25985,0.74268,0.00000,0.00000,291,298
11,28,0.17453,0.17453,0.73633,0.00000,0.00000,310,317
11,29,0.21433,0.21433,0.74951,0.00000,0.00000,303,310
11,30,0.19362,0.19362,0.75098,0.00000,0.00000,300,307
11,31,0.18607,0.18607,0.77686,0.00000,0.00000,303,309
11,32,0.27985,0.27985,0.77881,0.00000,0.00000,289,295
11,33,0.17213,0.17213,0.77441,0.00000,0.00000,311,318
11,34,0.18004,0.18004,0.74658,0.00000,0.00000,287,294
11,35,0.17472,0.17472,0.75488,0.00000,0.00000,304,310
11,36,0.22335,0.22335,0.72607,0.00000,0.00000,331,338
11,37,0.18055,0.18055,0.74365,0.00000,0.00000,271,278
11,38,0.19400,0.19400,0.74902,0.00000,0.00000,279,286
11,39,0.21969,0.21969,0.72510,0.00000,0.00000,289,296
11,40,0.21905,0.21905,0.72461,0.00000,0.00000,286,293
11,41,0.20011,0.20011,0.72461,0.00000,0.00000,294,300
11,42,0.19805,0.19805,0.75000,0.00000,0.00000,288,295
11,43,0.19057,0.19057,0.74072,0.00000,0.00000,283,290
11,44,0.20102,0.20102,0.77051,0.00000,0.00000,288,295
12,0,0.20718,0.20718,0.75537,0.19110,0.32550,336,1179
12,1,0.21638,0.21638,0.76025,0.01423,0.18758,314,321
12,2,0.18947,0.18947,0.76807,0.06802,0.20305,316,323
12,3,0.18374,0.18374,0.76025,0.06025,0.22030,301,308
12,4,0.20690,0.20690,0.74756,0.21670,0.29061,293,300
12,5,0.16378,0.16378,0.75488,0.47658,0.45015,296,303
12,6,0.22788,0.22788,0.74707,0.53990,0.61202,286,293
12,7,0.16668,0.16668,0.76807,0.16741,0.26707,329,336
12,8,0.19907,0.19907,0.73926,0.04625,0.23418,310,317
12,9,0.19237,0.19237,0.74756,0.26946,0.40299,289,296
12,10,0.16765,0.16765,0.72559,0.02150,0.17807,299,305
12,11,0.19719,0.19719,0.69678,0.09314,0.21237,311,318
12,12,0.18374,0.18374,0.71143,0.18060,0.32614,292,299
12,13,0.17364,0.17364,0.78467,0.13795,0.34541,263,270
12,14,0.24816,0.24816,0.77197,0.28609,0.49127,295,302
12,15,0.19365,0.19365,0.78516,0.18011,0.30093,302,309
12,16,0.21998,0.21998,0.75391,0.28054,0.38847,310,318
12,17,0.23161,0.23161,0.74268,0.36144,0.39102,277,284
12,18,0.25520,0.25520,0.73779,1.17924,1.22596,300,307
12,19,0.19998,0.19998,0.77100,0.14796,0.30341,326,333
12,20,0.22586,0.22586,0.80664,0.21347,0.41137,314,321
12,21,0.21920,0.21920,0.83252,0.32070,0.58687,303,310
12,22,0.26373,0.26373,0.81152,0.30168,0.65466,321,328
12,23,0.20645,0.20645,0.79248,0.11936,0.43804,311,318
12,24,0.22818,0.22818,0.77490,0.07920,0.32951,300,307
12,25,0.21746,0.21746,0.76367,0.05008,0.18795,329,336
12,26,0.23806,0.23806,0.75732,0.02761,0.24946,287,294
12,27,0.21742,0.21742,0.71875,0.19699,0.56302,292,299
12,28,0.20368,0.20368,0.73096,0.03691,0.28273,310,317
12,29,0.22247,0.22247,0.72949,0.10073,0.27454,286,293
12,30,0.15656,0.15656,0.74902,0.08452,0.41809,321,328
12,31,0.16557,0.16557,0.74463,0.09265,0.27268,311,318
12,32,0.21218,0.21218,0.76953,0.22711,0.42343,288,295
12,33,0.22127,0.22127,0.76270,0.22195,0.35248,318,325
12,34,0.18901,0.18901,0.76611,0.03075,0.28647,314,321
12,35,0.20714,0.20714,0.76855,0.05847,0.29430,308,315
12,36,0.26079,0.26079,0.71533,0.04552,0.24155,294,301
12,37,0.18315,0.18315,0.71973,0.39690,0.50791,305,312
12,38,0.19756,0.19756,0.72510,0.13529,0.31064,275,282
12,39,0.20712,0.20712,0.72949,0.52343,0.60634,313,320
12,40,0.21963,0.21963,0.69873,0.32579,0.49277,285,292
12,41,0.19999,0.19999,0.70752,0.24522,0.32407,293,300
12,42,0.22192,0.22192,0.71387,0.37381,0.45155,284,291
12,43,0.18148,0.18148,0.75146,1.04481,0.78211,294,301
12,44,0.28891,0.28891,0.71973,0.42808,0.58369,271,278
13,0,0.18404,0.18404,0.78809,0.22443,0.46659,319,1274
13,1,0.20997,0.20997,0.79102,0.27357,0.41450,303,310
13,2,0.23344,0.23344,0.76025,0.24594,0.39162,289,296
13,3,0.18979,0.18979,0.75195,0.32520,0.40270,286,293
13,4,0.20804,0.20804,0.72461,0.15383,0.53271,308,315
13,5,0.18609,0.18609,0.73145,0.20082,0.47771,284,291
13,6,0.19367,0.19367,0.68945,0.16159,0.34122,317,324
13,7,0.17105,0.17105,0.72168,0.34545,0.53993,333,340
13,8,0.19148,0.19148,0.75879,0.04025,0.23754,303,310
13,9,0.21104,0.21104,0.75977,0.14713,0.36148,291,298
13,10,0.21806,0.21806,0.76416,0.39641,0.67839,305,312
13,11,0.16767,0.16767,0.72656,0.13686,0.37024,302,309
13,12,0.22755,0.22755,0.71436,0.24039,0.36693,315,323
13,13,0.20990,0.20990,0.70996,0.08613,0.37117,312,319
13,14,0.20019,0.20019,0.69043,0.57117,0.91036,310,317
13,15,0.20047,0.20047,0.71631,0.02365,0.20165,276,283
13,16,0.21089,0.21089,0.71143,0.11958,0.20839,313,321
13,17,0.17921,0.17921,0.74268,0.08234,0.24273,303,310
13,18,0.25945,0.25945,0.73975,0.23494,0.38940,305,312
13,19,0.21567,0.21567,0.72559,0.21233,0.48977,277,284
13,20,0.21029,0.21029,0.69531,0.05086,0.27399,307,314
13,21,0.21198,0.21198,0.66992,0.08044,0.26339,305,312
13,22,0.25193,0.25193,0.70264,0.64958,0.63973,326,333
13,23,0.20684,0.20684,0.70654,0.07776,0.21970,309,316
13,24,0.21843,0.21843,0.70557,0.31857,0.43079,293,300
13,25,0.19001,0.19001,0.71777,0.06251,0.27072,300,307
13,26,0.19083,0.19083,0.73047,0.17156,0.30672,293,300
13,27,0.21566,0.21566,0.72949,0.15735,0.29008,298,305
13,28,0.21996,0.21996,0.74561,0.47903,0.57374,294,301
13,29,0.17188,0.17188,0.75830,0.09299,0.27679,311,318
13,30,0.15626,0.15626,0.76904,0.03049,0.29961,316,323
13,31,0.21053,0.21053,0.75977,0.29527,0.39251,320,327
13,32,0.18425,0.18425,0.71582,0.23997,0.26253,321,327
13,33,0.24412,0.24412,0.67578,0.60049,0.73859,314,321
13,34,0.22023,0.22023,0.70361,0.54064,0.59540,281,288
13,35,0.18967,0.18967,0.75049,0.28198,0.49926,275,282
13,36,0.21396,0.21396,0.75049,0.39144,0.56717,306,313
13,37,0.20612,0.20612,0.72754,0.40621,0.53653,297,304
13,38,0.20821,0.20821,0.70654,0.06759,0.24399,272,279
13,39,0.21676,0.21676,0.66650,0.06755,0.20286,319,326
13,40,0.22341,0.22341,0.68945,0.29821,0.42371,290,297
13,41,0.24092,0.24092,0.64990,0.79037,0.89209,310,317
13,42,0.18332,0.18332,0.72314,0.13078,0.26851,298,305
13,43,0.18879,0.18879,0.76807,0.22857,0.36287,304,311
13,44,0.23916,0.23916,0.75391,0.49854,0.63993,292,299
14,0,0.22410,0.22410,0.72510,0.21454,0.38990,308,1073
14,1,0.18577,0.18577,0.72217,0.07408,0.24918,305,312
14,2,0.20307,0.20307,0.69531,0.24958,0.46604,305,312
14,3,0.19039,0.19039,0.70361,0.23983,0.42848,294,301
14,4,0.17236,0.17236,0.72070,0.37073,0.59387,297,304
14,5,0.21543,0.21543,0.73682,0.04651,0.24380,292,299
14,6,0.14938,0.14938,0.75635,0.16560,0.30923,276,283
14,7,0.20711,0.20711,0.77490,0.46797,0.66553,309,317
14,8,0.22040,0.22040,0.73242,0.21015,0.38176,321,328
14,9,0.25655,0.25655,0.70215,0.36411,0.56802,296,303
14,10,0.19293,0.19293,0.71191,0.51224,0.65077,287,294
14,11,0.23073,0.23073,0.64551,0.86465,1.00960,303,310
14,12,0.21945,0.21945,0.64404,0.08104,0.42745,297,304
14,13,0.19437,0.19437,0.68506,0.17463,0.49381,276,283
14,14,0.22839,0.22839,0.66260,0.42913,0.66114,297,304
14,15,0.15901,0.15901,0.74414,0.19397,0.35064,276,283
14,16,0.22324,0.22324,0.72559,0.52989,0.90392,264,271
14,17,0.18874,0.18874,0.71387,0.14702,0.38908,306,313
14,18,0.22471,0.22471,0.67676,0.69232,0.97593,313,320
14,19,0.22158,0.22158,0.67041,0.43190,0.96091,288,295
14,20,0.20209,0.20209,0.72998,0.21344,0.61553,309,316
14,21,0.18233,0.18233,0.73633,0.23754,0.38627,293,300
14,22,0.23823,0.23823,0.74365,0.38176,0.67281,303,310
14,23,0.21453,0.21453,0.74854,0.23131,0.58888,332,339
14,24,0.26082,0.26082,0.67383,0.18674,0.43926,317,324
14,25,0.19513,0.19513,0.71045,0.19772,0.30867,316,323
14,26,0.19371,0.19371,0.67480,0.05058,0.25753,293,300
14,27,0.18691,0.18691,0.71777,0.38063,0.71498,304,312
14,28,0.20943,0.20943,0.69482,0.28902,0.45044,326,333
14,29,0.16945,0.16945,0.74609,0.13933,0.36940,313,320
14,30,0.24580,0.24580,0.73193,0.18542,0.36073,309,316
14,31,0.21758,0.21758,0.76709,0.30206,0.51831,296,303
14,32,0.17667,0.17667,0.74902,0.21921,0.32041,277,283
14,33,0.20078,0.20078,0.77051,0.06027,0.24479,283,290
14,34,0.18868,0.18868,0.76416,0.03699,0.26674,297,304
14,35,0.16309,0.16309,0.77393,0.26108,0.41514,284,291
14,36,0.18563,0.18563,0.72949,0.13434,0.29294,292,299
14,37,0.24656,0.24656,0.72705,0.13209,0.30698,271,278
14,38,0.17592,0.17592,0.70752,0.38828,0.48110,258,265
14,39,0.19140,0.19140,0.69434,0.15177,0.32319,298,305
14,40,0.20544,0.20544,0.72803,0.15061,0.34617,298,305
14,41,0.20646,0.20646,0.75342,0.32965,0.44931,281,288
14,42,0.23214,0.23214,0.69531,0.15117,0.27735,316,323
14,43,0.22240,0.22240,0.74951,0.33355,0.44114,295,302
14,44,0.17017,0.17017,0.75781,0.27501,0.47491,294,301
15,0,0.21556,0.21556,0.73486,0.30490,0.60730,286,1243
15,1,0.23667,0.23667,0.69434,0.11373,0.35428,310,317
15,2,0.22990,0.22990,0.66895,0.20256,0.35410,321,328
15,3,0.18237,0.18237,0.66992,0.17863,0.35339,300,307
15,4,0.23589,0.23589,0.65186,0.06306,0.33223,273,280
15,5,0.15805,0.15805,0.68604,0.21361,0.45100,315,322
15,6,0.18482,0.18482,0.64258,0.37328,0.67466,264,271
15,7,0.23392,0.23392,0.73340,0.41962,0.62433,272,279
15,8,0.20239,0.20239,0.70508,0.13336,0.35061,294,301
15,9,0.17775,0.17775,0.79199,0.20369,0.42520,319,325
15,10,0.25253,0.25253,0.76172,0.23088,0.61679,287,294
15,11,0.16482,0.16482,0.75537,0.54177,0.77444,319,326
15,12,0.17675,0.17675,0.76855,0.27263,0.52943,294,301
15,13,0.18940,0.18940,0.73096,0.50835,0.67683,322,329
15,14,0.15768,0.15768,0.70801,0.41632,0.58572,310,318
15,15,0.21974,0.21974,0.66162,0.15349,0.42095,292,299
15,16,0.21706,0.21706,0.64893,1.12951,1.29736,292,299
15,17,0.16802,0.16802,0.66113,0.40352,0.75321,313,320
15,18,0.20504,0.20504,0.72168,0.61602,0.89571,304,311
15,19,0.25736,0.25736,0.74072,0.40658,0.83426,333,340
15,20,0.15945,0.15945,0.76318,0.24637,0.46260,294,301
15,21,0.16965,0.16965,0.74512,0.10008,0.32731,302,309
15,22,0.18203,0.18203,0.74072,0.46143,0.77346,278,285
15,23,0.21683,0.21683,0.72266,0.20015,0.36639,300,307
15,24,0.19883,0.19883,0.71191,0.04953,0.31400,291,298
15,25,0.18485,0.18485,0.71045,0.08461,0.33502,290,297
15,26,0.16065,0.16065,0.70361,0.04647,0.27866,291,298
15,27,0.21197,0.21197,0.67334,0.08606,0.27221,312,319
15,28,0.17566,0.17566,0.69141,0.08768,0.30250,318,325
15,29,0.19495,0.19495,0.63232,0.04291,0.28526,307,314
15,30,0.16799,0.16799,0.66260,0.11226,0.41900,296,303
15,31,0.20408,0.20408,0.65527,0.21835,0.50633,299,306
15,32,0.22784,0.22784,0.67627,0.26952,0.39271,280,286
15,33,0.15894,0.15894,0.73926,0.06212,0.29416,299,306
15,34,0.21275,0.21275,0.68408,0.23863,0.42292,302,309
15,35,0.20415,0.20415,0.69678,0.17910,0.33463,278,285
15,36,0.19707,0.19707,0.72705,0.17252,0.52177,301,308
15,37,0.18575,0.18575,0.73047,0.26336,0.43257,284,291
15,38,0.17901,0.17901,0.72021,0.64654,0.83038,319,326
15,39,0.18261,0.18261,0.70264,0.35116,0.52699,281,288
15,40,0.22605,0.22605,0.70654,0.30825,0.40205,294,301
15,41,0.18149,0.18149,0.69238,0.36349,0.46922,295,302
15,42,0.18450,0.18450,0.72266,0.18064,0.37147,303,310
15,43,0.15848,0.15848,0.75977,0.14901,0.31775,317,324
15,44,0.17032,0.17032,0.75244,0.25376,0.48690,309,315
16,0,0.22713,0.22713,0.69922,0.56911,0.95365,351,1310
16,1,0.22398,0.22398,0.66748,0.03312,0.20882,283,292
16,2,0.18347,0.18347,0.67871,0.16843,0.40974,294,301
16,3,0.19019,0.19019,0.69971,0.49313,0.82494,306,313
16,4,0.18028,0.18028,0.72168,0.42170,0.71969,294,301
16,5,0.17539,0.17539,0.71826,0.07382,0.32271,310,317
16,6,0.20881,0.20881,0.75684,0.30085,0.62336,301,308
16,7,0.23227,0.23227,0.73047,0.46705,0.88071,326,332
16,8,0.15715,0.15715,0.72266,0.04522,0.21489,279,286
16,9,0.18399,0.18399,0.70117,0.07728,0.24659,305,312
16,10,0.15955,0.15955,0.69629,0.04158,0.24033,300,307
16,11,0.20291,0.20291,0.68213,0.40006,0.69365,311,318
16,12,0.22085,0.22085,0.67871,0.27511,0.52057,315,322
16,13,0.17161,0.17161,0.68506,0.03244,0.24585,302,309
16,14,0.12820,0.12820,0.73535,0.04704,0.34114,277,284
16,15,0.24158,0.24158,0.71484,0.61813,0.91032,279,286
16,16,0.17206,0.17206,0.72559,0.28269,0.41271,296,303
16,17,0.16242,0.16242,0.68262,0.05609,0.22837,316,323
16,18,0.21200,0.21200,0.71094,0.15002,0.25320,277,284
16,19,0.22452,0.22452,0.69824,0.56615,0.68449,284,291
16,20,0.15951,0.15951,0.73877,0.91072,0.96902,308,315
16,21,0.15653,0.15653,0.73096,0.23619,0.38395,310,317
16,22,0.23277,0.23277,0.73291,0.51513,0.85138,296,303
16,23,0.20964,0.20964,0.78125,0.49797,0.67795,307,314
16,24,0.25319,0.25319,0.68262,0.28262,0.66709,299,306
16,25,0.18452,0.18452,0.68018,0.10071,0.30220,288,295
16,26,0.19210,0.19210,0.69971,0.34430,0.65704,292,299
16,27,0.25396,0.25396,0.69385,0.64976,1.29376,287,294
16,28,0.19599,0.19599,0.73096,0.13757,0.41494,311,318
16,29,0.20564,0.20564,0.76611,0.45522,0.62564,300,306
16,30,0.19684,0.19684,0.75879,0.23564,0.43055,295,302
16,31,0.18202,0.18202,0.72314,0.03112,0.22752,266,273
16,32,0.19036,0.19036,0.76172,0.21424,0.43539,306,313
16,33,0.15905,0.15905,0.72998,0.06171,0.35377,298,305
16,34,0.19017,0.19017,0.71240,0.22127,0.32527,328,335
16,35,0.14456,0.14456,0.67871,0.46277,0.73613,303,310
16,36,0.17645,0.17645,0.65576,0.16058,0.32415,280,287
16,37,0.17286,0.17286,0.67920,0.11691,0.38634,299,306
16,38,0.19668,0.19668,0.63770,0.18770,0.44311,315,321
16,39,0.21517,0.21517,0.64111,0.02675,0.25574,296,303
16,40,0.18221,0.18221,0.66357,0.29673,0.51436,296,303
16,41,0.17318,0.17318,0.67236,0.35431,0.51197,284,290
16,42,0.18572,0.18572,0.66357,0.21699,0.41594,259,266
16,43,0.19287,0.19287,0.66406,0.33334,0.55054,309,316
16,44,0.19350,0.19350,0.73145,0.31554,0.44933,281,288
17,0,0.19567,0.19567,0.74121,0.44746,0.65362,303,1297
17,1,0.21021,0.21021,0.72266,0.16233,0.33926,319,326
17,2,0.21485,0.21485,0.71533,0.19241,0.37352,272,279
17,3,0.21177,0.21177,0.73193,0.48608,0.65268,307,313
17,4,0.16331,0.16331,0.72070,0.30782,0.43798,306,313
17,5,0.16972,0.16972,0.72559,0.24931,0.42234,290,297
17,6,0.19882,0.19882,0.71240,0.20064,0.35417,301,308
17,7,0.23537,0.23537,0.66992,0.54408,0.88963,271,278
17,8,0.18382,0.18382,0.64893,0.35746,0.43862,281,288
17,9,0.23262,0.23262,0.66113,0.22087,0.53944,323,330
17,10,0.20260,0.20260,0.68799,0.67270,0.91805,290,297
17,11,0.25077,0.25077,0.67969,0.65102,0.87137,304,311
17,12,0.21229,0.21229,0.68506,0.02982,0.30237,299,306
17,13,0.18662,0.18662,0.72021,0.13664,0.29497,278,285
17,14,0.14694,0.14694,0.73291,0.25711,0.47719,298,305
17,15,0.21863,0.21863,0.76074,0.34238,0.71009,276,282
17,16,0.16866,0.16866,0.74463,0.14355,0.36027,294,301
17,17,0.19018,0.19018,0.71533,0.17984,0.33925,294,301
17,18,0.19205,0.19205,0.72754,0.05498,0.34614,294,301
17,19,0.18884,0.18884,0.69580,0.03940,0.29012,303,310
17,20,0.19359,0.19359,0.72021,0.37782,0.66960,300,307
17,21,0.17533,0.17533,0.68457,0.07899,0.32006,281,288
17,22,0.17121,0.17121,0.69922,0.23374,0.45635,307,314
17,23,0.17174,0.17174,0.67139,0.23565,0.38733,301,308
17,24,0.17091,0.17091,0.70068,0.25694,0.45980,289,296
17,25,0.20192,0.20192,0.66699,0.34161,0.62672,284,291
17,26,0.15164,0.15164,0.71631,0.30595,0.54250,292,299
17,27,0.18013,0.18013,0.67871,0.27873,0.39682,283,290
17,28,0.17961,0.17961,0.69043,0.34565,0.52786,307,314
17,29,0.17180,0.17180,0.68359,0.45082,0.74415,303,310
17,30,0.14628,0.14628,0.71387,0.09742,0.28893,319,325
17,31,0.14897,0.14897,0.70654,0.03999,0.22996,289,296
17,32,0.21368,0.21368,0.75000,0.41879,0.78170,321,328
17,33,0.16718,0.16718,0.68799,0.29815,0.49061,288,295
17,34,0.16959,0.16959,0.68164,0.19617,0.40813,316,323
17,35,0.15755,0.15755,0.71729,0.05054,0.24269,310,317
17,36,0.16195,0.16195,0.66699,0.38892,0.66400,305,312
17,37,0.18296,0.18296,0.68262,0.19018,0.30550,324,330
17,38,0.21052,0.21052,0.68018,0.05228,0.23258,286,293
17,39,0.16656,0.16656,0.69824,0.26908,0.56453,312,319
17,40,0.19442,0.19442,0.68652,0.06056,0.25521,298,305
17,41,0.19176,0.19176,0.71582,0.28005,0.60454,307,313
17,42,0.20189,0.20189,0.72314,0.40682,0.80032,345,352
17,43,0.20551,0.20551,0.70312,0.30124,0.55089,324,331
17,44,0.16299,0.16299,0.70947,0.32956,0.59210,317,324
18,0,0.17542,0.17542,0.70654,0.42834,0.67175,305,1289
18,1,0.18196,0.18196,0.71289,0.11018,0.31173,325,331
18,2,0.16695,0.16695,0.70605,0.15742,0.46548,298,305
18,3,0.18980,0.18980,0.68701,0.23903,0.50369,286,293
18,4,0.16472,0.16472,0.69189,0.31354,0.42332,295,302
18,5,0.15351,0.15351,0.68652,0.07524,0.37481,302,309
18,6,0.14983,0.14983,0.68652,0.25420,0.32918,300,307
18,7,0.19368,0.19368,0.73047,0.13277,0.47537,287,294
18,8,0.16833,0.16833,0.72314,0.29553,0.46219,292,299
18,9,0.15905,0.15905,0.69727,0.10036,0.29510,317,324
18,10,0.21451,0.21451,0.70996,0.08609,0.26501,285,292
18,11,0.14479,0.14479,0.74072,0.21996,0.49512,294,301
18,12,0.17071,0.17071,0.68359,0.09127,0.34812,295,302
18,13,0.16413,0.16413,0.68604,0.14942,0.37960,327,334
18,14,0.16623,0.16623,0.67334,0.29772,0.55407,303,310
18,15,0.18409,0.18409,0.68994,0.13022,0.37840,298,305
18,16,0.18791,0.18791,0.70752,0.28499,0.63183,291,298
18,17,0.13812,0.13812,0.73145,0.11967,0.42807,310,317
18,18,0.16609,0.16609,0.73730,0.07457,0.37345,301,308
18,19,0.25199,0.25199,0.72900,0.14610,0.46942,293,300
18,20,0.18050,0.18050,0.72656,0.32922,0.59829,306,313
18,21,0.15423,0.15423,0.69482,0.39356,0.61199,278,285
18,22,0.14926,0.14926,0.73877,0.20823,0.49957,308,315
18,23,0.19694,0.19694,0.70557,0.22240,0.41706,284,291
18,24,0.22134,0.22134,0.72461,0.36770,0.81389,298,305
18,25,0.21919,0.21919,0.72803,0.41917,0.91724,272,279
18,26,0.13160,0.13160,0.69287,0.04993,0.31609,269,276
18,27,0.17497,0.17497,0.68848,0.51602,1.04605,306,313
18,28,0.21238,0.21238,0.70605,0.40737,0.90731,328,335
18,29,0.19680,0.19680,0.69434,0.23397,0.58936,294,301
18,30,0.18007,0.18007,0.74268,0.11721,0.49737,288,295
18,31,0.19713,0.19713,0.72021,0.42827,0.86600,263,269
18,32,0.19706,0.19706,0.66553,0.18944,0.35426,303,310
18,33,0.15215,0.15215,0.67383,0.18083,0.45914,306,313
18,34,0.17350,0.17350,0.68359,0.37907,0.69428,296,302
18,35,0.17577,0.17577,0.68652,0.11990,0.49946,301,308
18,36,0.18032,0.18032,0.70020,0.07551,0.23323,283,289
18,37,0.18060,0.18060,0.71924,0.23314,0.48075,311,318
18,38,0.16935,0.16935,0.74902,0.07201,0.29041,306,313
18,39,0.18082,0.18082,0.69922,0.05122,0.25716,323,329
18,40,0.17448,0.17448,0.72510,0.14373,0.37993,279,285
18,41,0.15102,0.15102,0.70264,0.07225,0.31858,294,301
18,42,0.17159,0.17159,0.71387,0.09379,0.30619,310,317
18,43,0.17854,0.17854,0.68359,0.11852,0.35848,318,325
18,44,0.17229,0.17229,0.68896,0.60290,0.93613,314,321
19,0,0.18313,0.18313,0.72217,0.05332,0.32275,358,1250
19,1,0.16136,0.16136,0.73096,0.21044,0.44984,339,346
19,2,0.16845,0.16845,0.77588,0.43978,0.73157,274,280
19,3,0.16982,0.16982,0.73242,0.31624,0.62019,294,301
19,4,0.18605,0.18605,0.71387,0.51408,0.71286,278,286
19,5,0.19177,0.19177,0.70166,0.09797,0.26864,328,335
19,6,0.18488,0.18488,0.73389,0.32561,0.57683,329,336
19,7,0.17888,0.17888,0.72656,0.23937,0.53014,294,301
19,8,0.16516,0.16516,0.70068,0.19429,0.45794,274,281
19,9,0.17624,0.17624,0.70020,0.08880,0.32307,276,283
19,10,0.15903,0.15903,0.75781,0.10937,0.31029,251,258
19,11,0.14609,0.14609,0.74805,0.06792,0.20471,303,310
19,12,0.18370,0.18370,0.70361,0.18065,0.44863,304,311
19,13,0.21398,0.21398,0.68262,0.35632,0.64677,292,299
19,14,0.19497,0.19497,0.69434,0.19450,0.38315,279,286
19,15,0.15303,0.15303,0.69873,0.12953,0.45261,317,324
19,16,0.16378,0.16378,0.68945,0.38411,0.74194,326,333
19,17,0.17459,0.17459,0.71582,0.28946,0.69593,304,311
19,18,0.15868,0.15868,0.69873,0.05993,0.21255,286,293
19,19,0.17699,0.17699,0.72314,0.15547,0.36429,284,291
19,20,0.19764,0.19764,0.72510,0.46442,0.84616,301,308
19,21,0.16538,0.16538,0.68555,0.10780,0.21642,291,298
19,22,0.15364,0.15364,0.72461,0.14869,0.34405,302,309
19,23,0.16845,0.16845,0.71582,0.43329,0.61746,304,311
19,24,0.17847,0.17847,0.70459,0.12656,0.32658,270,277
19,25,0.19050,0.19050,0.68506,0.34732,0.54686,306,313
19,26,0.17390,0.17390,0.69727,0.09887,0.32514,304,311
19,27,0.16727,0.16727,0.71729,0.05599,0.26845,300,307
19,28,0.18345,0.18345,0.72119,0.04972,0.29579,306,313
19,29,0.19210,0.19210,0.70068,0.23886,0.45236,325,332
19,30,0.17847,0.17847,0.72266,0.10251,0.33486,308,315
19,31,0.18140,0.18140,0.71631,0.03279,0.19512,290,297
19,32,0.18017,0.18017,0.66992,0.11655,0.50583,294,300
19,33,0.16526,0.16526,0.70215,0.21487,0.41776,314,321
19,34,0.16881,0.16881,0.66553,0.12998,0.26879,303,310
19,35,0.19489,0.19489,0.65723,0.28839,0.67476,302,309
19,36,0.16824,0.16824,0.71484,0.53600,0.89044,306,313
19,37,0.14011,0.14011,0.74268,0.16105,0.48058,294,301
19,38,0.14331,0.14331,0.73975,0.39788,0.76390,310,317
19,39,0.20107,0.20107,0.75928,0.52084,1.04777,313,320
19,40,0.16164,0.16164,0.75195,0.13306,0.37804,286,293
19,41,0.16393,0.16393,0.74658,0.58301,0.97153,303,310
19,42,0.17024,0.17024,0.72266,0.35246,0.59094,279,285
19,43,0.14504,0.14504,0.70996,0.35591,0.57717,284,291
19,44,0.14264,0.14264,0.74170,0.17117,0.43079,312,319
20,0,0.19074,0.19074,0.74561,0.34020,0.67512,293,1154
20,1,0.14246,0.14246,0.72803,0.22755,0.49195,310,317
20,2,0.15045,0.15045,0.71875,0.10537,0.27636,284,291
20,3,0.15363,0.15363,0.71924,0.10424,0.49227,308,315
20,4,0.19954,0.19954,0.69922,0.08815,0.45109,307,314
20,5,0.14235,0.14235,0.71924,0.15357,0.49121,275,282
20,6,0.20076,0.20076,0.70264,0.25628,0.44304,293,300
20,7,0.14509,0.14509,0.71094,0.19293,0.45365,319,326
20,8,0.17776,0.17776,0.75439,0.15569,0.47345,316,323
20,9,0.14042,0.14042,0.72900,0.16923,0.44903,284,291
20,10,0.19123,0.19123,0.74658,0.27664,0.62202,294,301
20,11,0.16654,0.16654,0.73633,0.05967,0.26226,287,294
20,12,0.15927,0.15927,0.73193,0.13028,0.29298,307,313
20,13,0.14550,0.14550,0.74023,0.33363,0.58264,294,301
20,14,0.15841,0.15841,0.70410,0.31109,0.46359,306,313
20,15,0.13436,0.13436,0.69775,0.32061,0.56166,315,322
20,16,0.18273,0.18273,0.67480,0.23894,0.55837,299,306
20,17,0.18816,0.18816,0.66895,0.13972,0.39497,318,325
20,18,0.19410,0.19410,0.70264,0.21321,0.47774,302,309
20,19,0.17048,0.17048,0.71240,0.32280,0.74009,307,314
20,20,0.17825,0.17825,0.73584,0.07566,0.27314,278,285
20,21,0.15520,0.15520,0.74854,0.11117,0.48290,297,304
20,22,0.16465,0.16465,0.75098,0.30484,0.64368,271,278
20,23,0.16930,0.16930,0.74854,0.13425,0.42874,302,309
20,24,0.15681,0.15681,0.74170,0.05543,0.24893,314,321
20,25,0.14974,0.14974,0.78271,0.32157,0.57544,293,300
20,26,0.16730,0.16730,0.73877,0.30208,0.60360,265,272
20,27,0.17671,0.17671,0.72998,0.12501,0.28439,277,284
20,28,0.13455,0.13455,0.68896,0.05771,0.33523,305,312
20,29,0.18038,0.18038,0.70312,0.37841,0.64921,282,289
20,30,0.16063,0.16063,0.71826,0.09796,0.25797,294,301
20,31,0.16501,0.16501,0.72998,0.04787,0.21497,323,330
20,32,0.16849,0.16849,0.72998,0.20946,0.45898,277,284
20,33,0.14959,0.14959,0.72510,0.07679,0.24502,297,303
20,34,0.15899,0.15899,0.74854,0.18539,0.35805,291,298
20,35,0.14648,0.14648,0.71582,0.13859,0.31659,301,307
20,36,0.15348,0.15348,0.71973,0.03913,0.21496,298,304
20,37,0.16366,0.16366,0.71729,0.12837,0.32250,300,307
20,38,0.19216,0.19216,0.73584,0.22561,0.49823,318,325
20,39,0.16019,0.16019,0.70752,0.19058,0.49319,275,282
20,40,0.13945,0.13945,0.73096,0.19853,0.40213,301,308
20,41,0.16182,0.16182,0.72119,0.16931,0.27700,290,297
20,42,0.15607,0.15607,0.70801,0.04032,0.18470,305,312
20,43,0.13494,0.13494,0.73096,0.52356,0.72431,294,301
20,44,0.15849,0.15849,0.69824,0.23094,0.48590,317,324
21,0,0.15971,0.15971,0.69775,0.18193,0.38926,315,1258
21,1,0.16638,0.16638,0.75781,0.35192,0.67017,299,306
21,2,0.19495,0.19495,0.70117,0.11584,0.27336,308,315
21,3,0.15441,0.15441,0.70850,0.06426,0.30413,287,294
21,4,0.14641,0.14641,0.72070,0.23501,0.40083,302,309
21,5,0.15929,0.15929,0.74609,0.06234,0.27438,314,321
21,6,0.12656,0.12656,0.70898,0.24532,0.51858,285,291
21,7,0.16155,0.16155,0.76758,0.37959,0.62582,285,292
21,8,0.13896,0.13896,0.70508,0.06500,0.20157,297,304
21,9,0.15470,0.15470,0.70068,0.17957,0.41070,298,305
21,10,0.16068,0.16068,0.72998,0.15789,0.46424,292,299
21,11,0.15452,0.15452,0.74854,0.25396,0.46820,319,326
21,12,0.17525,0.17525,0.72949,0.14399,0.28782,283,290
21,13,0.18951,0.18951,0.73926,0.40420,0.81415,297,304
21,14,0.15435,0.15435,0.72852,0.26267,0.72714,306,313
21,15,0.13643,0.13643,0.75000,0.12457,0.35892,299,306
21,16,0.16090,0.16090,0.75049,0.69094,0.91825,263,270
21,17,0.16305,0.16305,0.72168,0.19801,0.50640,303,310
21,18,0.16909,0.16909,0.71631,0.07742,0.29397,269,276
21,19,0.14120,0.14120,0.75684,0.26102,0.41686,300,307
21,20,0.18500,0.18500,0.69385,0.13811,0.50213,314,321
21,21,0.14772,0.14772,0.72510,0.22645,0.27807,294,301
21,22,0.16763,0.16763,0.71777,0.10861,0.33735,320,327
21,23,0.17918,0.17918,0.70508,0.46020,0.96365,313,320
21,24,0.18376,0.18376,0.69531,0.15900,0.38641,295,303
21,25,0.18150,0.18150,0.73926,0.05200,0.29080,317,324
21,26,0.13529,0.13529,0.74609,0.08721,0.27520,294,302
21,27,0.15194,0.15194,0.76904,0.28601,0.66472,305,311
21,28,0.15331,0.15331,0.75049,0.15508,0.43897,307,314
21,29,0.16414,0.16414,0.74707,0.13160,0.39197,308,315
21,30,0.16287,0.16287,0.69531,0.18972,0.57517,294,301
21,31,0.17759,0.17759,0.71289,0.46326,0.97659,278,285
21,32,0.15671,0.15671,0.70508,0.12035,0.36722,309,316
21,33,0.16107,0.16107,0.73340,0.17128,0.38481,294,301
21,34,0.17868,0.17868,0.73389,0.54812,1.04493,285,292
21,35,0.15888,0.15888,0.74561,0.13096,0.40703,308,315
21,36,0.14918,0.14918,0.75635,0.08228,0.24987,309,316
21,37,0.15459,0.15459,0.71826,0.24896,0.46416,295,302
21,38,0.19132,0.19132,0.72852,0.17793,0.33486,278,285
21,39,0.16159,0.16159,0.72168,0.16785,0.32857,284,290
21,40,0.15866,0.15866,0.71680,0.03963,0.26171,258,265
21,41,0.16988,0.16988,0.73730,0.03059,0.26447,286,292
21,42,0.19030,0.19030,0.71826,0.33700,0.56560,284,291
21,43,0.18656,0.18656,0.69482,0.08958,0.34287,305,312
21,44,0.15184,0.15184,0.72217,0.09390,0.34168,289,295
22,0,0.15862,0.15862,0.68506,0.05546,0.30909,334,1175
22,1,0.14147,0.14147,0.74072,0.07348,0.25982,341,348
22,2,0.15117,0.15117,0.70068,0.19087,0.40750,311,318
22,3,0.11687,0.11687,0.73682,0.32764,0.57611,300,306
22,4,0.10561,0.10561,0.76758,0.26225,0.46680,292,299
22,5,0.18729,0.18729,0.70557,0.57439,0.96727,320,327
22,6,0.13636,0.13636,0.72754,0.34500,0.55684,288,294
22,7,0.14963,0.14963,0.70557,0.56549,0.82026,284,291
22,8,0.18274,0.18274,0.73682,0.60892,0.85824,290,297
22,9,0.16987,0.16987,0.73828,0.22164,0.49803,298,305
22,10,0.15228,0.15228,0.77295,0.33968,0.51464,277,284
22,11,0.19057,0.19057,0.75439,0.49815,0.86596,273,280
22,12,0.15665,0.15665,0.72998,0.27280,0.36791,305,312
22,13,0.19851,0.19851,0.74219,0.32397,0.59631,303,310
22,14,0.15077,0.15077,0.74072,0.18492,0.39035,288,295
22,15,0.15437,0.15437,0.72656,0.24012,0.50320,290,297
22,16,0.15702,0.15702,0.73340,0.19955,0.34984,303,310
22,17,0.17114,0.17114,0.71680,0.18057,0.39512,285,292
22,18,0.16326,0.16326,0.74854,0.23060,0.48102,305,312
22,19,0.18936,0.18936,0.74609,0.22550,0.61896,285,292
22,20,0.16516,0.16516,0.72363,0.08752,0.27799,261,268
22,21,0.18402,0.18402,0.74414,0.49445,0.93113,294,301
22,22,0.16368,0.16368,0.71875,0.32035,0.82054,297,304
22,23,0.14667,0.14667,0.71289,0.04589,0.24273,335,342
22,24,0.20669,0.20669,0.72852,0.27061,0.71077,318,325
22,25,0.17054,0.17054,0.71191,0.28075,0.79720,299,306
22,26,0.16314,0.16314,0.72852,0.18635,0.46676,303,310
22,27,0.17094,0.17094,0.70557,0.07747,0.20642,289,296
22,28,0.17540,0.17540,0.71777,0.19003,0.58619,293,300
22,29,0.14654,0.14654,0.73584,0.07801,0.35751,299,306
22,30,0.15993,0.15993,0.72070,0.22607,0.74054,308,315
22,31,0.15229,0.15229,0.73438,0.07195,0.38634,321,328
22,32,0.15626,0.15626,0.75781,0.15747,0.52026,304,310
22,33,0.15987,0.15987,0.73584,0.09212,0.32468,300,307
22,34,0.18242,0.18242,0.72998,0.23124,0.60949,299,306
22,35,0.19749,0.19749,0.73779,0.20080,0.45250,311,318
22,36,0.11934,0.11934,0.70215,0.09745,0.34779,301,307
22,37,0.15164,0.15164,0.70557,0.36955,0.62788,294,301
22,38,0.15301,0.15301,0.71924,0.23372,0.48604,289,296
22,39,0.15635,0.15635,0.70898,0.11562,0.33855,311,318
22,40,0.17153,0.17153,0.68896,0.47696,0.81087,300,306
22,41,0.13350,0.13350,0.74756,0.23698,0.44364,309,316
22,42,0.16059,0.16059,0.72510,0.45508,0.75956,301,308
22,43,0.16145,0.16145,0.75049,0.19880,0.37948,273,280
22,44,0.16816,0.16816,0.75488,0.06543,0.24507,305,312
23,0,0.17600,0.17600,0.75537,0.06601,0.23059,326,1168
23,1,0.16337,0.16337,0.73779,0.39731,0.85676,279,293
23,2,0.17483,0.17483,0.74658,0.18545,0.40002,332,339
23,3,0.16034,0.16034,0.72900,0.15283,0.29938,314,321
23,4,0.17700,0.17700,0.73389,0.40892,0.75907,294,301
23,5,0.13760,0.13760,0.72754,0.16526,0.51083,290,297
23,6,0.14888,0.14888,0.70752,0.36132,0.83277,279,286
23,7,0.14654,0.14654,0.71533,0.41046,0.73512,309,316
23,8,0.16925,0.16925,0.75977,0.05498,0.25699,306,313
23,9,0.18020,0.18020,0.76758,0.19586,0.45661,315,322
23,10,0.15869,0.15869,0.74902,0.32887,0.52439,327,334
23,11,0.17416,0.17416,0.75000,0.33792,0.60365,308,315
23,12,0.13122,0.13122,0.73535,0.07096,0.30061,277,283
23,13,0.21439,0.21439,0.73633,0.33576,0.80579,284,291
23,14,0.14330,0.14330,0.76221,0.31603,0.70001,311,318
23,15,0.14201,0.14201,0.72705,0.23560,0.45125,315,322
23,16,0.13792,0.13792,0.69287,0.10611,0.47446,303,310
23,17,0.17229,0.17229,0.72998,0.33173,0.74891,272,279
23,18,0.17882,0.17882,0.74121,0.29451,0.71727,315,321
23,19,0.15597,0.15597,0.71582,0.06858,0.31536,274,281
23,20,0.16190,0.16190,0.73340,0.26909,0.65752,290,297
23,21,0.16046,0.16046,0.73730,0.16319,0.46852,313,320
23,22,0.16129,0.16129,0.75244,0.10297,0.32530,289,295
23,23,0.15752,0.15752,0.77686,0.12050,0.32780,304,311
23,24,0.16218,0.16218,0.75293,0.10669,0.29834,272,279
23,25,0.13298,0.13298,0.75098,0.08042,0.28747,287,294
23,26,0.12048,0.12048,0.72998,0.05178,0.27126,275,282
23,27,0.14838,0.14838,0.71240,0.11772,0.40891,290,297
23,28,0.17301,0.17301,0.72900,0.18001,0.28342,305,312
23,29,0.16595,0.16595,0.72705,0.12813,0.30154,283,290
23,30,0.12841,0.12841,0.71143,0.07769,0.30119,290,297
23,31,0.16694,0.16694,0.72900,0.12655,0.35925,296,302
23,32,0.12564,0.12564,0.70752,0.24634,0.50842,280,287
23,33,0.13210,0.13210,0.75000,0.09511,0.25005,304,311
23,34,0.13307,0.13307,0.77441,0.12709,0.39069,265,272
23,35,0.15730,0.15730,0.72998,0.14259,0.31577,293,300
23,36,0.16530,0.16530,0.71777,0.38016,0.91917,283,290
23,37,0.13663,0.13663,0.74463,0.35383,0.51431,320,327
23,38,0.16940,0.16940,0.76025,0.26203,0.38928,309,316
23,39,0.16655,0.16655,0.74268,0.13058,0.35707,286,292
23,40,0.13889,0.13889,0.74951,0.10357,0.37144,292,298
23,41,0.14294,0.14294,0.74609,0.31729,0.51657,312,319
23,42,0.15442,0.15442,0.72803,0.46163,0.61853,281,288
23,43,0.17680,0.17680,0.76025,0.06104,0.22347,288,295
23,44,0.17732,0.17732,0.75342,0.33833,0.68571,308,314
24,0,0.15536,0.15536,0.76270,0.25603,0.54096,355,1082
24,1,0.14352,0.14352,0.75439,0.04811,0.21012,291,298
24,2,0.16476,0.16476,0.76270,0.05472,0.25137,326,333
24,3,0.16828,0.16828,0.75049,0.31868,0.66833,306,313
24,4,0.15598,0.15598,0.75293,0.07670,0.33179,287,294
24,5,0.16181,0.16181,0.75781,0.14304,0.52505,280,287
24,6,0.12070,0.12070,0.76709,0.37486,0.55327,317,324
24,7,0.13090,0.13090,0.72021,0.05866,0.29715,284,291
24,8,0.13313,0.13313,0.78516,0.43332,0.84426,288,295
24,9,0.14637,0.14637,0.72607,0.04869,0.23058,297,304
24,10,0.15034,0.15034,0.71777,0.25942,0.40733,280,287
24,11,0.16986,0.16986,0.75537,0.15561,0.40732,295,302
24,12,0.15631,0.15631,0.73193,0.25153,0.72853,312,319
24,13,0.14662,0.14662,0.76270,0.05327,0.29263,285,292
24,14,0.15989,0.15989,0.72949,0.08408,0.34647,313,320
24,15,0.17969,0.17969,0.75098,0.28083,0.75128,289,296
24,16,0.13927,0.13927,0.72461,0.26189,0.74546,315,323
24,17,0.13334,0.13334,0.71924,0.06480,0.35841,294,301
24,18,0.14910,0.14910,0.76270,0.13468,0.41010,288,295
24,19,0.14759,0.14759,0.74219,0.22902,0.53599,314,321
24,20,0.17132,0.17132,0.73828,0.30093,0.75790,320,327
24,21,0.18180,0.18180,0.74365,0.30904,0.75914,301,308
24,22,0.14196,0.14196,0.73242,0.18412,0.42454,308,315
24,23,0.15286,0.15286,0.72363,0.37163,0.90031,295,302
24,24,0.16803,0.16803,0.73535,0.19491,0.51745,304,311
24,25,0.15175,0.15175,0.71631,0.19456,0.54016,302,309
24,26,0.13188,0.13188,0.74121,0.05613,0.25218,325,332
24,27,0.16023,0.16023,0.75830,0.24381,0.48244,295,302
24,28,0.15568,0.15568,0.71191,0.21736,0.54957,310,317
24,29,0.14218,0.14218,0.72412,0.22108,0.51991,318,325
24,30,0.20222,0.20222,0.73926,0.06418,0.26240,283,290
24,31,0.11295,0.11295,0.73340,0.09060,0.47001,299,306
24,32,0.17588,0.17588,0.74805,0.13237,0.34704,297,304
24,33,0.15451,0.15451,0.73584,0.09324,0.24161,314,321
24,34,0.15085,0.15085,0.74316,0.21585,0.46383,314,321
24,35,0.13058,0.13058,0.70801,0.08288,0.25489,303,310
24,36,0.14902,0.14902,0.72119,0.14275,0.36310,282,289
24,37,0.16704,0.16704,0.75195,0.16640,0.51017,300,307
24,38,0.14111,0.14111,0.77588,0.08848,0.33458,291,297
24,39,0.13002,0.13002,0.74316,0.02870,0.23975,292,299
24,40,0.15391,0.15391,0.77100,0.20159,0.31266,286,292
24,41,0.14611,0.14611,0.76758,0.16940,0.44252,296,303
24,42,0.14954,0.14954,0.75732,0.10663,0.33713,311,318
24,43,0.13909,0.13909,0.74609,0.19545,0.42605,314,321
24,44,0.12552,0.12552,0.74268,0.18327,0.51525,283,289
25,0,0.12605,0.12605,0.76172,0.22746,0.61779,355,1160
25,1,0.14390,0.14390,0.75342,0.05003,0.25337,285,292
25,2,0.12871,0.12871,0.75098,0.26608,0.61989,311,319
25,3,0.18369,0.18369,0.75732,0.36872,0.86822,308,315
25,4,0.16068,0.16068,0.75342,0.27136,0.70299,293,300
25,5,0.14191,0.14191,0.78564,0.04306,0.20820,290,297
25,6,0.12110,0.12110,0.78320,0.25832,0.46246,287,294
25,7,0.15027,0.15027,0.75635,0.23298,0.53153,267,274
25,8,0.16604,0.16604,0.75439,0.25588,0.62449,294,301
25,9,0.14014,0.14014,0.73193,0.28481,0.70884,293,300
25,10,0.15997,0.15997,0.73486,0.08938,0.27510,332,339
25,11,0.14559,0.14559,0.73779,0.27831,0.51313,275,282
25,12,0.12681,0.12681,0.75488,0.23058,0.54287,264,271
25,13,0.14246,0.14246,0.74170,0.20873,0.47092,305,312
25,14,0.14984,0.14984,0.74121,0.08724,0.33085,319,326
25,15,0.15962,0.15962,0.73926,0.07740,0.27063,301,308
25,16,0.16732,0.16732,0.74756,0.26824,0.89258,328,335
25,17,0.12402,0.12402,0.74316,0.28912,0.79275,308,315
25,18,0.13712,0.13712,0.75293,0.13166,0.31400,321,328
25,19,0.14320,0.14320,0.77979,0.09568,0.35179,297,304
25,20,0.15565,0.15565,0.78564,0.39416,0.85252,289,296
25,21,0.17302,0.17302,0.76807,0.28920,0.76575,295,301
25,22,0.19654,0.19654,0.76758,0.51369,1.04536,282,289
25,23,0.15269,0.15269,0.77686,0.28436,0.51931,292,299
25,24,0.17820,0.17820,0.75000,0.86483,0.98147,313,319
25,25,0.17852,0.17852,0.74414,0.41011,0.69100,303,310
25,26,0.16953,0.16953,0.69775,0.18552,0.50160,301,308
25,27,0.15797,0.15797,0.72412,0.45697,0.51706,310,317
25,28,0.17645,0.17645,0.73438,0.28148,0.75950,329,336
25,29,0.14824,0.14824,0.74707,0.20332,0.49246,302,309
25,30,0.13607,0.13607,0.74170,0.12327,0.43481,309,316
25,31,0.16004,0.16004,0.74707,0.21977,0.62836,278,285
25,32,0.15332,0.15332,0.78271,0.08655,0.31727,295,301
25,33,0.10613,0.10613,0.73633,0.03685,0.24895,318,325
25,34,0.14970,0.14970,0.77100,0.10462,0.28024,298,305
25,35,0.14863,0.14863,0.73145,0.12087,0.44207,280,287
25,36,0.13185,0.13185,0.71338,0.08386,0.25581,293,300
25,37,0.18119,0.18119,0.74512,0.11783,0.37177,309,316
25,38,0.12578,0.12578,0.72803,0.06014,0.26287,307,313
25,39,0.14405,0.14405,0.74658,0.07357,0.28891,311,318
25,40,0.15531,0.15531,0.76904,0.14526,0.34083,291,298
25,41,0.14122,0.14122,0.81250,0.07969,0.29577,317,324
25,42,0.13027,0.13027,0.74805,0.17948,0.40889,282,289
25,43,0.12554,0.12554,0.77148,0.08274,0.22329,283,290
25,44,0.13131,0.13131,0.73242,0.19405,0.56623,292,299
26,0,0.13985,0.13985,0.75000,0.15953,0.52962,316,1038
26,1,0.13054,0.13054,0.74805,0.14789,0.26617,298,305
26,2,0.17506,0.17506,0.78369,0.11188,0.39029,306,313
26,3,0.14124,0.14124,0.73242,0.14498,0.39752,327,334
26,4,0.14350,0.14350,0.77490,0.12569,0.30265,285,292
26,5,0.13917,0.13917,0.76318,0.30842,0.55663,288,295
26,6,0.15840,0.15840,0.75000,0.09783,0.26746,308,315
26,7,0.14325,0.14325,0.79053,0.10340,0.41138,311,318
26,8,0.16679,0.16679,0.77734,0.06870,0.28965,285,292
26,9,0.11847,0.11847,0.74854,0.10140,0.28541,292,299
26,10,0.14069,0.14069,0.74219,0.05568,0.30211,286,293
26,11,0.12642,0.12642,0.71338,0.12538,0.42223,296,303
26,12,0.13052,0.13052,0.78027,0.18282,0.27481,317,324
26,13,0.14572,0.14572,0.71094,0.05226,0.27948,279,286
26,14,0.14635,0.14635,0.70410,0.12846,0.58646,310,317
26,15,0.13013,0.13013,0.76465,0.25048,0.56292,292,299
26,16,0.15121,0.15121,0.72754,0.08534,0.33791,324,331
26,17,0.14958,0.14958,0.75293,0.20386,0.59723,291,298
26,18,0.15156,0.15156,0.75928,0.30354,0.59437,323,330
26,19,0.16236,0.16236,0.74951,0.16141,0.47850,297,304
26,20,0.13282,0.13282,0.74951,0.05610,0.26141,306,313
26,21,0.15856,0.15856,0.74219,0.30626,0.54892,298,305
26,22,0.15645,0.15645,0.76123,0.06701,0.30915,309,317
26,23,0.15893,0.15893,0.74609,0.08671,0.30846,289,296
26,24,0.14388,0.14388,0.78125,0.06755,0.34314,300,307
26,25,0.11616,0.11616,0.75684,0.24371,0.50632,288,295
26,26,0.13999,0.13999,0.73242,0.33322,0.69077,298,305
26,27,0.16267,0.16267,0.76025,0.19114,0.34434,308,315
26,28,0.15255,0.15255,0.76953,0.25163,0.56145,301,308
26,29,0.13794,0.13794,0.75537,0.35674,0.91199,294,301
26,30,0.14561,0.14561,0.74365,0.07715,0.30489,300,307
26,31,0.14590,0.14590,0.74707,0.50280,0.72882,318,324
26,32,0.18577,0.18577,0.74854,0.18310,0.56359,284,291
26,33,0.15068,0.15068,0.73730,0.06139,0.25255,256,263
26,34,0.13430,0.13430,0.75195,0.16279,0.35329,306,312
26,35,0.13115,0.13115,0.74219,0.18923,0.52630,305,312
26,36,0.14194,0.14194,0.75049,0.10900,0.25731,310,316
26,37,0.13281,0.13281,0.74414,0.17258,0.46970,294,301
26,38,0.15471,0.15471,0.74219,0.03589,0.20320,300,307
26,39,0.13940,0.13940,0.73877,0.11002,0.37272,273,280
26,40,0.13807,0.13807,0.75098,0.17901,0.39227,307,313
26,41,0.14249,0.14249,0.74365,0.05998,0.25035,302,309
26,42,0.15609,0.15609,0.75342,0.17716,0.26598,290,297
26,43,0.13665,0.13665,0.78125,0.37314,0.61773,293,300
26,44,0.14152,0.14152,0.73633,0.04417,0.33217,291,297
27,0,0.14299,0.14299,0.75830,0.05452,0.27081,330,1142
27,1,0.15750,0.15750,0.74902,0.31428,0.63520,322,329
27,2,0.14204,0.14204,0.77197,0.20593,0.68268,311,318
27,3,0.13297,0.13297,0.76855,0.10660,0.36949,296,303
27,4,0.15879,0.15879,0.76904,0.05908,0.27167,314,321
27,5,0.16435,0.16435,0.74512,0.47120,0.80459,289,296
27,6,0.15100,0.15100,0.73340,0.17345,0.65791,289,296
27,7,0.16191,0.16191,0.73779,0.18625,0.64848,289,296
27,8,0.13061,0.13061,0.74414,0.12603,0.30453,323,330
27,9,0.12102,0.12102,0.72119,0.11123,0.37097,296,303
27,10,0.12898,0.12898,0.73145,0.24784,0.77712,314,321
27,11,0.15841,0.15841,0.75635,0.27557,0.67441,295,301
27,12,0.12120,0.12120,0.75195,0.19740,0.29969,312,319
27,13,0.14962,0.14962,0.76514,0.25079,0.39496,288,294
27,14,0.14887,0.14887,0.76270,0.36102,0.46631,301,308
27,15,0.10903,0.10903,0.76514,0.02835,0.30964,261,268
27,16,0.14655,0.14655,0.73779,0.14183,0.41974,304,311
27,17,0.15520,0.15520,0.76270,0.10264,0.28451,290,297
27,18,0.13572,0.13572,0.73486,0.17895,0.35771,260,267
27,19,0.13406,0.13406,0.76074,0.14421,0.51638,304,311
27,20,0.13090,0.13090,0.75098,0.05566,0.28258,286,293
27,21,0.14006,0.14006,0.77734,0.09999,0.32767,296,304
27,22,0.15974,0.15974,0.80859,0.34246,0.54732,296,303
27,23,0.13790,0.13790,0.78467,0.08869,0.35330,291,297
27,24,0.13437,0.13437,0.77734,0.10782,0.30788,299,307
27,25,0.16708,0.16708,0.77393,0.57883,0.69412,331,338
27,26,0.16352,0.16352,0.73486,0.25661,0.57654,292,299
27,27,0.15027,0.15027,0.74951,0.29026,0.52514,315,322
27,28,0.14921,0.14921,0.74170,0.24256,0.42223,306,313
27,29,0.18436,0.18436,0.75146,0.43684,0.79898,282,289
27,30,0.13061,0.13061,0.77832,0.34073,0.43283,312,319
27,31,0.15786,0.15786,0.78760,0.55883,0.54878,283,290
27,32,0.13574,0.13574,0.74609,0.12935,0.29799,276,283
27,33,0.13460,0.13460,0.75098,0.18873,0.46312,289,296
27,34,0.14023,0.14023,0.77686,0.17386,0.59466,318,325
27,35,0.15214,0.15214,0.74805,0.12484,0.32252,292,299
27,36,0.12607,0.12607,0.76025,0.08672,0.32559,304,311
27,37,0.15953,0.15953,0.72363,0.04902,0.23151,287,294
27,38,0.13861,0.13861,0.74756,0.05039,0.25061,292,298
27,39,0.14286,0.14286,0.73291,0.12402,0.26347,301,307
27,40,0.15865,0.15865,0.75537,0.06125,0.33306,290,297
27,41,0.15444,0.15444,0.77148,0.06896,0.25658,274,280
27,42,0.16667,0.16667,0.75781,0.12234,0.35783,317,324
27,43,0.13285,0.13285,0.77295,0.18551,0.41787,311,318
27,44,0.13586,0.13586,0.78467,0.14731,0.40062,316,322
28,0,0.14966,0.14966,0.77344,0.16976,0.42250,345,1101
28,1,0.12749,0.12749,0.76953,0.12670,0.28348,296,303
28,2,0.12475,0.12475,0.75684,0.03128,0.27842,299,314
28,3,0.11941,0.11941,0.79883,0.23589,0.41927,294,301
28,4,0.16440,0.16440,0.75098,0.14299,0.44706,290,297
28,5,0.13407,0.13407,0.75244,0.04161,0.24880,309,316
28,6,0.13398,0.13398,0.79688,0.05249,0.22304,299,306
28,7,0.14017,0.14017,0.78516,0.14134,0.30565,293,300
28,8,0.13560,0.13560,0.73779,0.11432,0.26478,327,334
28,9,0.13133,0.13133,0.74219,0.17112,0.49100,286,293
28,10,0.14749,0.14749,0.78467,0.06776,0.37093,286,293
28,11,0.11555,0.11555,0.77197,0.22735,0.50286,330,337
28,12,0.14149,0.14149,0.74170,0.16125,0.41169,317,324
28,13,0.10617,0.10617,0.73535,0.08661,0.31603,311,318
28,14,0.11409,0.11409,0.74658,0.05395,0.31607,287,294
28,15,0.13123,0.13123,0.74805,0.04816,0.29675,280,287
28,16,0.14128,0.14128,0.77686,0.26218,0.54514,303,310
28,17,0.13314,0.13314,0.78662,0.15187,0.38404,282,289
28,18,0.14086,0.14086,0.76562,0.16676,0.52773,281,287
28,19,0.14558,0.14558,0.78662,0.10631,0.28519,285,292
28,20,0.13673,0.13673,0.78906,0.03711,0.27671,306,313
28,21,0.15834,0.15834,0.75732,0.25528,0.43372,293,300
28,22,0.12821,0.12821,0.77734,0.26329,0.66168,308,315
28,23,0.14595,0.14595,0.74902,0.15354,0.50769,301,309
28,24,0.14208,0.14208,0.73779,0.12248,0.36989,301,308
28,25,0.13191,0.13191,0.76025,0.10048,0.29054,285,292
28,26,0.18165,0.18165,0.75488,0.27149,0.79080,281,288
28,27,0.11700,0.11700,0.80029,0.30345,0.56262,326,333
28,28,0.14711,0.14711,0.73389,0.05357,0.26469,316,323
28,29,0.11375,0.11375,0.74707,0.49452,0.82759,322,329
28,30,0.13913,0.13913,0.77588,0.23614,0.53888,324,331
28,31,0.13205,0.13205,0.74463,0.16468,0.46127,292,299
28,32,0.12782,0.12782,0.79053,0.22620,0.61224,322,328
28,33,0.13412,0.13412,0.78467,0.37879,0.93467,284,291
28,34,0.13311,0.13311,0.78125,0.30252,0.76426,328,335
28,35,0.11107,0.11107,0.75586,0.19734,0.53851,287,294
28,36,0.15388,0.15388,0.78027,0.27502,0.55943,288,295
28,37,0.17166,0.17166,0.78516,0.18862,0.65959,305,312
28,38,0.14290,0.14290,0.75977,0.04360,0.27259,319,326
28,39,0.15631,0.15631,0.77832,0.19505,0.58606,304,311
28,40,0.12213,0.12213,0.78564,0.15495,0.27313,308,315
28,41,0.14341,0.14341,0.75732,0.02634,0.22634,306,313
28,42,0.13097,0.13097,0.77051,0.04112,0.21598,286,293
28,43,0.13061,0.13061,0.74316,0.11784,0.27689,304,311
28,44,0.11936,0.11936,0.73730,0.14090,0.40945,306,313
29,0,0.15484,0.15484,0.76709,0.19793,0.35343,346,1105
29,1,0.12397,0.12397,0.77100,0.21235,0.42251,320,327
29,2,0.12388,0.12388,0.76367,0.15657,0.29043,332,339
29,3,0.13192,0.13192,0.74219,0.06159,0.27969,259,266
29,4,0.15588,0.15588,0.77197,0.11194,0.34988,306,313
29,5,0.16023,0.16023,0.80762,0.16652,0.47010,293,300
29,6,0.15585,0.15585,0.79785,0.03883,0.27457,281,288
29,7,0.13978,0.13978,0.74854,0.09998,0.40072,297,304
29,8,0.12873,0.12873,0.77393,0.46454,0.72965,311,318
29,9,0.13220,0.13220,0.79346,0.20832,0.50161,278,285
29,10,0.15480,0.15480,0.77588,0.09617,0.32375,311,318
29,11,0.11782,0.11782,0.77393,0.20115,0.61324,306,312
29,12,0.13273,0.13273,0.76758,0.14784,0.27025,314,321
29,13,0.13580,0.13580,0.76025,0.16285,0.43614,323,330
29,14,0.13102,0.13102,0.76855,0.09881,0.40540,328,335
29,15,0.11997,0.11997,0.78711,0.08969,0.36835,319,326
29,16,0.12497,0.12497,0.75586,0.18910,0.40948,289,296
29,17,0.12458,0.12458,0.73291,0.06203,0.33223,297,304
29,18,0.11424,0.11424,0.74072,0.03810,0.24507,296,303
29,19,0.13319,0.13319,0.76855,0.24765,0.56032,275,282
29,20,0.12616,0.12616,0.77588,0.33596,0.69814,293,300
29,21,0.14715,0.14715,0.76123,0.03151,0.23308,287,294
29,22,0.14234,0.14234,0.80127,0.05146,0.27215,308,315
29,23,0.15370,0.15370,0.79492,0.65738,0.90033,298,305
29,24,0.14410,0.14410,0.78125,0.53797,0.91543,306,313
29,25,0.15818,0.15818,0.77930,0.04797,0.28421,306,313
29,26,0.14930,0.14930,0.78564,0.16107,0.40526,307,314
29,27,0.13766,0.13766,0.74316,0.11626,0.51661,274,281
29,28,0.14452,0.14452,0.75586,0.15096,0.60058,274,281
29,29,0.13333,0.13333,0.77588,0.29797,0.44578,302,309
29,30,0.16173,0.16173,0.78125,0.55081,0.76040,289,295
29,31,0.14430,0.14430,0.73389,0.09668,0.41852,308,314
29,32,0.14567,0.14567,0.75732,0.11866,0.42319,280,286
29,33,0.14993,0.14993,0.75928,0.16649,0.65240,306,313
29,34,0.12364,0.12364,0.76172,0.09530,0.30010,297,304
29,35,0.14669,0.14669,0.74121,0.08306,0.32876,307,313
29,36,0.13019,0.13019,0.73633,0.22433,0.53361,291,298
29,37,0.16106,0.16106,0.75732,0.11367,0.38284,299,306
29,38,0.12754,0.12754,0.75684,0.13702,0.51093,315,322
29,39,0.14940,0.14940,0.79443,0.24456,0.67221,308,314
29,40,0.11627,0.11627,0.79834,0.02889,0.24443,279,286
29,41,0.14366,0.14366,0.76514,0.22343,0.65844,303,309
29,42,0.12418,0.12418,0.78662,0.07346,0.41078,318,324
29,43,0.17828,0.17828,0.78857,0.38788,0.84568,297,304
29,44,0.13419,0.13419,0.75244,0.18657,0.53767,279,285
30,0,0.16372,0.16372,0.77832,0.03636,0.32892,298,1345
30,1,0.13439,0.13439,0.80957,0.22705,0.45380,310,316
30,2,0.13811,0.13811,0.78955,0.39975,0.80428,314,321
30,3,0.14522,0.14522,0.75830,0.18772,0.61311,301,308
30,4,0.13948,0.13948,0.74756,0.17818,0.46675,302,309
30,5,0.14858,0.14858,0.73486,0.22132,0.64732,309,316
30,6,0.12816,0.12816,0.75488,0.18912,0.60760,277,284
30,7,0.12887,0.12887,0.75977,0.09147,0.38517,315,322
30,8,0.14387,0.14387,0.76367,0.20096,0.47981,287,294
30,9,0.14528,0.14528,0.80469,0.13117,0.39366,299,306
30,10,0.13782,0.13782,0.78516,0.10522,0.37714,306,313
30,11,0.15128,0.15128,0.81396,0.07961,0.38299,273,280
30,12,0.13273,0.13273,0.78467,0.07815,0.30081,284,291
30,13,0.15331,0.15331,0.76855,0.09738,0.44079,312,319
30,14,0.15751,0.15751,0.77539,0.22536,0.46171,299,306
30,15,0.13436,0.13436,0.77686,0.08208,0.35793,310,317
30,16,0.13447,0.13447,0.76318,0.09153,0.33265,314,320
30,17,0.14185,0.14185,0.76807,0.07333,0.29941,293,300
30,18,0.11959,0.11959,0.74023,0.08806,0.28410,318,325
30,19,0.13938,0.13938,0.75146,0.11234,0.35554,280,287
30,20,0.15195,0.15195,0.78467,0.18251,0.51213,298,305
30,21,0.13018,0.13018,0.75342,0.08857,0.28629,274,281
30,22,0.17175,0.17175,0.79053,0.09418,0.34275,287,294
30,23,0.15347,0.15347,0.81934,0.40662,0.66724,308,315
30,24,0.14693,0.14693,0.78516,0.06973,0.33223,295,302
30,25,0.12304,0.12304,0.77051,0.13015,0.32628,265,272
30,26,0.14805,0.14805,0.81299,0.09621,0.32764,294,301
30,27,0.11632,0.11632,0.79834,0.17776,0.41080,285,293
30,28,0.11254,0.11254,0.78027,0.05204,0.35937,338,345
30,29,0.14943,0.14943,0.80078,0.06156,0.23862,301,308
30,30,0.12458,0.12458,0.77197,0.03553,0.23588,290,297
30,31,0.14221,0.14221,0.77783,0.08115,0.29480,287,293
30,32,0.16335,0.16335,0.79248,0.07199,0.27480,289,296
30,33,0.12369,0.12369,0.76123,0.06582,0.27436,307,314
30,34,0.11974,0.11974,0.79297,0.25311,0.58480,306,313
30,35,0.10893,0.10893,0.76270,0.06994,0.30614,314,321
30,36,0.11946,0.11946,0.77295,0.12614,0.38146,322,329
30,37,0.14042,0.14042,0.75439,0.26722,0.78932,292,299
30,38,0.13172,0.13172,0.79932,0.06701,0.25026,318,324
30,39,0.13403,0.13403,0.78174,0.04975,0.25062,309,316
30,40,0.15155,0.15155,0.79053,0.09490,0.35396,292,299
30,41,0.15514,0.15514,0.76953,0.39357,0.92515,291,298
30,42,0.13317,0.13317,0.77832,0.21204,0.45832,303,310
30,43,0.12400,0.12400,0.76807,0.09400,0.28801,289,296
30,44,0.12313,0.12313,0.73877,0.13928,0.48768,277,284
31,0,0.11545,0.11545,0.77051,0.24617,0.73974,329,1137
31,1,0.15789,0.15789,0.74365,0.14772,0.51810,295,302
31,2,0.12703,0.12703,0.76172,0.19388,0.49562,307,314
31,3,0.13472,0.13472,0.75635,0.10321,0.41835,310,317
31,4,0.13886,0.13886,0.77246,0.22517,0.68776,285,292
31,5,0.13041,0.13041,0.80469,0.32330,0.82193,269,276
31,6,0.12017,0.12017,0.80127,0.06819,0.31032,305,312
31,7,0.14955,0.14955,0.79297,0.10160,0.33826,310,317
31,8,0.12961,0.12961,0.79248,0.13986,0.50228,306,313
31,9,0.10316,0.10316,0.78760,0.12680,0.46294,321,327
31,10,0.13588,0.13588,0.77734,0.21872,0.52054,325,332
31,11,0.15171,0.15171,0.78223,0.11312,0.38419,281,288
31,12,0.11947,0.11947,0.78320,0.05295,0.28352,284,291
31,13,0.14335,0.14335,0.74805,0.04575,0.23341,303,310
31,14,0.12233,0.12233,0.79492,0.21753,0.48788,320,326
31,15,0.14914,0.14914,0.79639,0.39305,0.67939,280,287
31,16,0.12337,0.12337,0.78125,0.14650,0.38818,294,301
31,17,0.15014,0.15014,0.76123,0.26764,0.64700,319,326
31,18,0.13886,0.13886,0.77490,0.26955,0.70609,292,299
31,19,0.14699,0.14699,0.78760,0.11422,0.32088,272,279
31,20,0.13662,0.13662,0.78906,0.06454,0.32186,296,303
31,21,0.12214,0.12214,0.77930,0.07954,0.34112,293,299
31,22,0.12712,0.12712,0.77734,0.13194,0.30460,287,294
31,23,0.13196,0.13196,0.75537,0.04233,0.25136,281,288
31,24,0.12698,0.12698,0.78369,0.15096,0.48998,286,294
31,25,0.12026,0.12026,0.75684,0.11489,0.42690,326,333
31,26,0.14401,0.14401,0.81104,0.09976,0.38867,301,308
31,27,0.13327,0.13327,0.77539,0.14775,0.37072,279,285
31,28,0.15688,0.15688,0.74316,0.15085,0.37079,301,308
31,29,0.12466,0.12466,0.74561,0.11903,0.34622,275,281
31,30,0.12581,0.12581,0.75635,0.06598,0.23466,294,300
31,31,0.14654,0.14654,0.75391,0.04086,0.23049,284,291
31,32,0.12086,0.12086,0.76855,0.07144,0.27573,281,288
31,33,0.11142,0.11142,0.76709,0.15297,0.34500,316,323
31,34,0.11698,0.11698,0.75244,0.05904,0.31513,292,298
31,35,0.12974,0.12974,0.74902,0.10967,0.34245,308,315
31,36,0.13233,0.13233,0.76465,0.14975,0.40853,283,289
31,37,0.11428,0.11428,0.77100,0.14837,0.36323,326,333
31,38,0.13663,0.13663,0.77441,0.08197,0.34341,253,260
31,39,0.11644,0.11644,0.81104,0.36015,0.68224,302,309
31,40,0.13382,0.13382,0.79541,0.14137,0.33837,304,310
31,41,0.12887,0.12887,0.78955,0.05875,0.24447,271,277
31,42,0.13301,0.13301,0.79248,0.09122,0.27630,308,315
31,43,0.13523,0.13523,0.81250,0.15358,0.40995,283,290
31,44,0.14032,0.14032,0.78076,0.11657,0.30517,287,294
32,0,0.12072,0.12072,0.76514,0.08395,0.31874,330,1259
32,1,0.11700,0.11700,0.79053,0.12291,0.32538,330,337
32,2,0.12194,0.12194,0.79932,0.05352,0.30053,277,284
32,3,0.13457,0.13457,0.78760,0.12579,0.32624,285,292
32,4,0.13289,0.13289,0.74463,0.25024,0.76116,292,300
32,5,0.13273,0.13273,0.74658,0.10526,0.37316,327,334
32,6,0.13401,0.13401,0.78662,0.09956,0.47827,301,308
32,7,0.11716,0.11716,0.75195,0.07396,0.26400,312,319
32,8,0.12645,0.12645,0.78174,0.12441,0.41992,300,307
32,9,0.13702,0.13702,0.74951,0.13986,0.49033,282,289
32,10,0.13413,0.13413,0.76758,0.08323,0.31902,316,322
32,11,0.12954,0.12954,0.78369,0.07465,0.24703,306,313
32,12,0.11891,0.11891,0.78809,0.07435,0.28019,291,297
32,13,0.12778,0.12778,0.77344,0.12986,0.28909,306,313
32,14,0.11771,0.11771,0.76611,0.05863,0.23026,324,331
32,15,0.12561,0.12561,0.78320,0.27759,0.63316,324,331
32,16,0.13609,0.13609,0.76904,0.06700,0.31635,265,271
32,17,0.14683,0.14683,0.77295,0.06581,0.31163,296,303
32,18,0.12616,0.12616,0.76318,0.10140,0.38885,320,327
32,19,0.11025,0.11025,0.80273,0.32565,0.65137,286,293
32,20,0.14664,0.14664,0.81055,0.06887,0.24283,294,301
32,21,0.11952,0.11952,0.80615,0.07332,0.31948,298,305
32,22,0.13334,0.13334,0.81885,0.17017,0.36366,302,308
32,23,0.14136,0.14136,0.78369,0.12419,0.27975,300,307
32,24,0.12680,0.12680,0.77539,0.11577,0.33958,284,291
32,25,0.15627,0.15627,0.75830,0.06542,0.29969,281,289
32,26,0.15002,0.15002,0.77539,0.14003,0.36520,322,329
32,27,0.13143,0.13143,0.79541,0.11062,0.29789,277,284
32,28,0.13677,0.13677,0.78857,0.10067,0.22204,283,290
32,29,0.12166,0.12166,0.80176,0.10381,0.35899,312,319
32,30,0.13118,0.13118,0.79248,0.15752,0.55477,288,295
32,31,0.12269,0.12269,0.77637,0.11751,0.44587,311,318
32,32,0.15190,0.15190,0.78564,0.12864,0.39265,282,289
32,33,0.13055,0.13055,0.77100,0.09855,0.31438,296,303
32,34,0.12553,0.12553,0.76953,0.08281,0.25229,298,305
32,35,0.13791,0.13791,0.76562,0.14897,0.27836,289,296
32,36,0.12620,0.12620,0.77783,0.15687,0.30192,278,285
32,37,0.13418,0.13418,0.76660,0.05078,0.21971,294,300
32,38,0.10616,0.10616,0.77881,0.25788,0.59670,286,293
32,39,0.14264,0.14264,0.77979,0.32381,0.58457,283,290
32,40,0.13320,0.13320,0.79297,0.18518,0.44826,299,306
32,41,0.13719,0.13719,0.77393,0.29314,0.76310,319,325
32,42,0.11404,0.11404,0.78271,0.18451,0.56340,305,312
32,43,0.13892,0.13892,0.77734,0.06434,0.28645,322,329
32,44,0.12330,0.12330,0.77295,0.05070,0.26554,299,306
33,0,0.11135,0.11135,0.78809,0.43781,0.75345,317,1249
33,1,0.12367,0.12367,0.76562,0.27918,0.78430,333,340
33,2,0.12054,0.12054,0.78418,0.08743,0.28027,281,288
33,3,0.12512,0.12512,0.75391,0.04885,0.24641,314,321
33,4,0.14721,0.14721,0.76172,0.37131,1.04859,321,328
33,5,0.12913,0.12913,0.76660,0.26748,0.74647,294,301
33,6,0.12511,0.12511,0.77832,0.04096,0.27546,269,276
33,7,0.12125,0.12125,0.78711,0.18567,0.48961,271,277
33,8,0.13940,0.13940,0.77539,0.14975,0.43733,315,322
33,9,0.14365,0.14365,0.77100,0.19602,0.51319,308,315
33,10,0.13421,0.13421,0.78467,0.15798,0.70314,338,345
33,11,0.11831,0.11831,0.79785,0.17671,0.40989,307,314
33,12,0.10706,0.10706,0.77246,0.03015,0.26320,314,320
33,13,0.14426,0.14426,0.78320,0.27396,0.61795,289,296
33,14,0.12554,0.12554,0.79883,0.21766,0.55596,307,314
33,15,0.12718,0.12718,0.78760,0.06648,0.28035,313,320
33,16,0.12252,0.12252,0.76367,0.24689,0.53168,301,308
33,17,0.14330,0.14330,0.78564,0.11190,0.28253,306,313
33,18,0.12929,0.12929,0.77100,0.06977,0.34975,275,282
33,19,0.13890,0.13890,0.76807,0.05788,0.20489,278,285
33,20,0.13615,0.13615,0.78418,0.27567,0.63189,283,290
33,21,0.11643,0.11643,0.75879,0.08336,0.40891,313,320
33,22,0.11116,0.11116,0.73291,0.15525,0.35861,297,304
33,23,0.13256,0.13256,0.78369,0.37387,0.53584,265,272
33,24,0.14017,0.14017,0.76465,0.06059,0.33751,289,296
33,25,0.11325,0.11325,0.78076,0.04491,0.24653,295,302
33,26,0.14191,0.14191,0.78857,0.06613,0.32023,301,308
33,27,0.12362,0.12362,0.79102,0.22148,0.43032,305,312
33,28,0.14735,0.14735,0.80176,0.20834,0.65866,285,293
33,29,0.11889,0.11889,0.81055,0.03771,0.22851,311,318
33,30,0.13215,0.13215,0.78027,0.12340,0.39943,292,299
33,31,0.12774,0.12774,0.76221,0.09976,0.30537,278,285
33,32,0.12626,0.12626,0.77197,0.14029,0.47905,334,341
33,33,0.14276,0.14276,0.78369,0.11755,0.43521,282,289
33,34,0.11202,0.11202,0.78271,0.06719,0.24671,299,306
33,35,0.12770,0.12770,0.77148,0.09662,0.25742,291,298
33,36,0.15680,0.15680,0.79199,0.38084,1.05254,314,320
33,37,0.12429,0.12429,0.76514,0.12757,0.38597,305,312
33,38,0.14386,0.14386,0.77979,0.22541,0.36781,300,307
33,39,0.13710,0.13710,0.78369,0.19689,0.34280,291,298
33,40,0.13089,0.13089,0.78418,0.04737,0.28195,289,295
33,41,0.13846,0.13846,0.76953,0.07460,0.31201,299,306
33,42,0.12540,0.12540,0.76465,0.06018,0.26789,285,292
33,43,0.13974,0.13974,0.76221,0.08205,0.21637,315,322
33,44,0.13503,0.13503,0.75635,0.12819,0.38205,288,295
34,0,0.11990,0.11990,0.75195,0.09489,0.38547,269,1144
34,1,0.10476,0.10476,0.77881,0.11046,0.26768,294,301
34,2,0.13157,0.13157,0.74658,0.04946,0.27777,281,288
34,3,0.12679,0.12679,0.78906,0.08923,0.44276,295,302
34,4,0.13312,0.13312,0.78467,0.06107,0.33742,288,295
34,5,0.13629,0.13629,0.79346,0.07085,0.30349,303,310
34,6,0.12862,0.12862,0.78467,0.14668,0.46706,297,304
34,7,0.11502,0.11502,0.77246,0.14949,0.42138,304,311
34,8,0.11951,0.11951,0.79736,0.09462,0.28820,283,290
34,9,0.14224,0.14224,0.78613,0.10918,0.27283,299,306
34,10,0.15219,0.15219,0.78613,0.21079,0.50281,311,317
34,11,0.13499,0.13499,0.77148,0.10474,0.46356,305,311
34,12,0.11226,0.11226,0.79102,0.06047,0.33412,309,316
34,13,0.13166,0.13166,0.77197,0.14013,0.34508,280,287
34,14,0.12639,0.12639,0.78223,0.13539,0.43761,291,298
34,15,0.11787,0.11787,0.78467,0.11538,0.37546,299,306
34,16,0.14178,0.14178,0.78027,0.10376,0.25587,294,301
34,17,0.11456,0.11456,0.79102,0.23049,0.38033,313,320
34,18,0.15368,0.15368,0.79883,0.14151,0.36020,289,296
34,19,0.12246,0.12246,0.78369,0.21309,0.41469,289,296
34,20,0.11312,0.11312,0.77783,0.10875,0.46231,318,325
34,21,0.13945,0.13945,0.79346,0.20106,0.35299,285,292
34,22,0.12678,0.12678,0.77295,0.12080,0.21564,286,293
34,23,0.15140,0.15140,0.78662,0.13435,0.29256,285,292
34,24,0.13855,0.13855,0.77344,0.03461,0.21522,292,299
34,25,0.11410,0.11410,0.79102,0.26987,0.66906,328,335
34,26,0.12031,0.12031,0.79932,0.04717,0.16364,309,316
34,27,0.12241,0.12241,0.80078,0.06227,0.28260,297,304
34,28,0.13854,0.13854,0.77148,0.15788,0.43289,267,274
34,29,0.11624,0.11624,0.76660,0.09999,0.40079,310,317
34,30,0.12302,0.12302,0.79639,0.10294,0.26567,281,287
34,31,0.11724,0.11724,0.77051,0.11390,0.42561,291,298
34,32,0.13257,0.13257,0.79199,0.06371,0.24527,309,316
34,33,0.14052,0.14052,0.77783,0.08604,0.29546,284,291
34,34,0.12265,0.12265,0.78174,0.24898,0.62587,288,295
34,35,0.11279,0.11279,0.77148,0.03905,0.21403,291,298
34,36,0.11622,0.11622,0.77295,0.12261,0.30369,309,316
34,37,0.13274,0.13274,0.77246,0.15113,0.34409,327,333
34,38,0.13414,0.13414,0.79297,0.22662,0.61930,292,298
34,39,0.15261,0.15261,0.79297,0.11450,0.40375,278,285
34,40,0.12396,0.12396,0.79395,0.12673,0.37125,284,291
34,41,0.12333,0.12333,0.77881,0.18662,0.61923,309,316
34,42,0.12086,0.12086,0.79688,0.31096,0.68832,325,332
34,43,0.10303,0.10303,0.81055,0.13693,0.46396,294,301
34,44,0.13354,0.13354,0.77002,0.16258,0.42017,300,307
35,0,0.12388,0.12388,0.78857,0.25561,0.47020,301,1212
35,1,0.15266,0.15266,0.79883,0.18444,0.60940,272,279
35,2,0.11227,0.11227,0.80029,0.06226,0.31739,321,328
35,3,0.13530,0.13530,0.77783,0.12757,0.30153,275,282
35,4,0.14270,0.14270,0.77344,0.18762,0.50382,321,328
35,5,0.13017,0.13017,0.78711,0.06540,0.30514,317,324
35,6,0.12226,0.12226,0.76709,0.15232,0.28794,283,290
35,7,0.13996,0.13996,0.78564,0.05295,0.24761,310,317
35,8,0.11490,0.11490,0.77734,0.03856,0.22582,306,313
35,9,0.10757,0.10757,0.77393,0.19083,0.58480,308,315
35,10,0.13678,0.13678,0.81055,0.18819,0.52795,304,311
35,11,0.11738,0.11738,0.81396,0.18490,0.59153,309,316
35,12,0.11351,0.11351,0.78760,0.13133,0.24232,307,314
35,13,0.14292,0.14292,0.77686,0.25812,0.49515,291,298
35,14,0.13644,0.13644,0.77490,0.09847,0.23799,291,298
35,15,0.13295,0.13295,0.75781,0.07907,0.26557,274,281
35,16,0.10774,0.10774,0.76904,0.10389,0.30380,295,302
35,17,0.13104,0.13104,0.77734,0.04670,0.24813,277,284
35,18,0.13056,0.13056,0.78711,0.11465,0.27975,283,289
35,19,0.10417,0.10417,0.80176,0.10530,0.23770,302,309
35,20,0.11097,0.11097,0.78076,0.12312,0.31641,294,301
35,21,0.11476,0.11476,0.78613,0.24874,0.46764,309,316
35,22,0.12134,0.12134,0.82031,0.09706,0.26189,308,315
35,23,0.13017,0.13017,0.78271,0.32624,0.49256,288,295
35,24,0.13671,0.13671,0.79150,0.09336,0.24388,280,287
35,25,0.10278,0.10278,0.79443,0.20300,0.29857,283,290
35,26,0.10745,0.10745,0.77930,0.10213,0.34156,293,300
35,27,0.11552,0.11552,0.78369,0.14771,0.29116,318,325
35,28,0.12158,0.12158,0.79346,0.09668,0.26932,288,295
35,29,0.11952,0.11952,0.79688,0.08081,0.23961,301,308
35,30,0.14510,0.14510,0.79443,0.19806,0.49650,294,301
35,31,0.14261,0.14261,0.79736,0.07718,0.24647,296,303
35,32,0.12199,0.12199,0.79785,0.08454,0.43780,320,326
35,33,0.12550,0.12550,0.77393,0.12201,0.38129,301,308
35,34,0.12399,0.12399,0.78955,0.10148,0.32462,274,281
35,35,0.14359,0.14359,0.76318,0.17865,0.47091,291,297
35,36,0.12568,0.12568,0.76270,0.05925,0.25818,295,302
35,37,0.11997,0.11997,0.78320,0.05740,0.31985,287,294
35,38,0.15463,0.15463,0.77881,0.08076,0.33942,297,304
35,39,0.11759,0.11759,0.77539,0.18602,0.35920,302,309
35,40,0.13212,0.13212,0.78760,0.07878,0.33691,318,325
35,41,0.10701,0.10701,0.82324,0.07531,0.39734,310,317
35,42,0.12491,0.12491,0.79199,0.15219,0.31287,303,310
35,43,0.15019,0.15019,0.82227,0.06416,0.33102,277,284
35,44,0.15874,0.15874,0.81787,0.28803,0.60430,304,311
36,0,0.09175,0.09175,0.78955,0.05390,0.22484,359,1176
36,1,0.11580,0.11580,0.79590,0.14866,0.34869,274,281
36,2,0.12496,0.12496,0.76758,0.20624,0.42165,269,276
36,3,0.13456,0.13456,0.76807,0.07055,0.34164,296,303
36,4,0.12978,0.12978,0.79346,0.04432,0.18916,290,297
36,5,0.11308,0.11308,0.81982,0.17749,0.34262,317,324
36,6,0.12906,0.12906,0.77783,0.05718,0.33243,310,317
36,7,0.10145,0.10145,0.81445,0.06062,0.43050,299,306
36,8,0.12392,0.12392,0.82129,0.04848,0.21578,269,276
36,9,0.12854,0.12854,0.81152,0.17094,0.46093,285,292
36,10,0.16584,0.16584,0.80029,0.23152,0.57006,278,285
36,11,0.11645,0.11645,0.80225,0.07729,0.26538,287,294
36,12,0.13154,0.13154,0.81006,0.06460,0.38163,291,298
36,13,0.12722,0.12722,0.77393,0.09247,0.34209,305,312
36,14,0.12040,0.12040,0.77881,0.11217,0.39027,291,298
36,15,0.12583,0.12583,0.77002,0.10502,0.31517,307,314
36,16,0.11482,0.11482,0.78418,0.04662,0.24915,307,314
36,17,0.12930,0.12930,0.77686,0.19670,0.39253,302,309
36,18,0.11084,0.11084,0.78076,0.09819,0.31749,296,303
36,19,0.12133,0.12133,0.79834,0.19190,0.38767,324,331
36,20,0.14675,0.14675,0.81152,0.07868,0.35181,271,278
36,21,0.12225,0.12225,0.79980,0.23141,0.49034,297,304
36,22,0.10353,0.10353,0.77344,0.05494,0.37853,307,314
36,23,0.14344,0.14344,0.78564,0.20605,0.47486,322,329
36,24,0.13093,0.13093,0.78125,0.08884,0.31735,295,302
36,25,0.11383,0.11383,0.78857,0.12441,0.27721,281,288
36,26,0.11983,0.11983,0.78564,0.09427,0.31309,290,297
36,27,0.12386,0.12386,0.77588,0.18431,0.40752,273,280
36,28,0.12751,0.12751,0.77783,0.03732,0.27108,310,316
36,29,0.12036,0.12036,0.78516,0.14195,0.45215,299,306
36,30,0.12323,0.12323,0.78564,0.12052,0.33630,308,315
36,31,0.11192,0.11192,0.78271,0.08465,0.41200,289,296
36,32,0.11249,0.11249,0.79297,0.21358,0.67319,287,294
36,33,0.12032,0.12032,0.78369,0.06069,0.21890,303,310
36,34,0.12905,0.12905,0.80615,0.23469,0.40754,289,296
36,35,0.12745,0.12745,0.79150,0.12769,0.35904,310,316
36,36,0.12294,0.12294,0.77246,0.17306,0.44670,302,309
36,37,0.12734,0.12734,0.79980,0.19571,0.34303,298,305
36,38,0.13871,0.13871,0.81250,0.39932,0.67049,315,321
36,39,0.14810,0.14810,0.82861,0.12574,0.22003,280,287
36,40,0.14106,0.14106,0.79199,0.10235,0.28294,281,288
36,41,0.13568,0.13568,0.77783,0.06748,0.26732,288,295
36,42,0.11385,0.11385,0.78076,0.35068,0.95701,317,324
36,43,0.13615,0.13615,0.81982,0.04935,0.26609,299,306
36,44,0.11891,0.11891,0.80908,0.17770,0.28541,288,295
37,0,0.12181,0.12181,0.82080,0.11544,0.26728,328,1089
37,1,0.15181,0.15181,0.82324,0.13524,0.41915,327,334
37,2,0.14199,0.14199,0.81738,0.17790,0.57754,304,311
37,3,0.13639,0.13639,0.79199,0.09280,0.45715,310,317
37,4,0.12526,0.12526,0.74414,0.14160,0.62979,292,299
37,5,0.12165,0.12165,0.78174,0.25602,0.60583,284,291
37,6,0.13023,0.13023,0.77246,0.25529,0.71581,296,303
37,7,0.14157,0.14157,0.77051,0.12141,0.48425,312,319
37,8,0.09962,0.09962,0.77148,0.02643,0.31607,317,324
37,9,0.12803,0.12803,0.79443,0.17017,0.36874,297,304
37,10,0.13212,0.13212,0.80518,0.31691,0.58137,293,300
37,11,0.10877,0.10877,0.80859,0.05639,0.33750,327,334
37,12,0.11635,0.11635,0.80566,0.06202,0.36646,290,297
37,13,0.12025,0.12025,0.79883,0.15823,0.47664,311,318
37,14,0.10907,0.10907,0.79834,0.09421,0.28678,278,285
37,15,0.10439,0.10439,0.79883,0.13018,0.38088,281,288
37,16,0.12233,0.12233,0.80371,0.10901,0.42021,286,293
37,17,0.13079,0.13079,0.77637,0.13042,0.34554,296,303
37,18,0.14228,0.14228,0.79004,0.10854,0.36884,314,321
37,19,0.14297,0.14297,0.80420,0.08993,0.37087,283,290
37,20,0.14408,0.14408,0.77832,0.42323,0.90128,316,324
37,21,0.13533,0.13533,0.81006,0.14993,0.44054,272,279
37,22,0.12910,0.12910,0.78369,0.05924,0.33623,259,266
37,23,0.11449,0.11449,0.81543,0.10279,0.30909,314,321
37,24,0.11681,0.11681,0.81250,0.29360,0.65539,295,302
37,25,0.11973,0.11973,0.78857,0.13849,0.44781,280,287
37,26,0.12660,0.12660,0.80859,0.05714,0.35516,274,281
37,27,0.12463,0.12463,0.78076,0.04984,0.26888,310,317
37,28,0.12770,0.12770,0.80225,0.24621,0.44155,311,318
37,29,0.11827,0.11827,0.83154,0.13508,0.31986,302,309
37,30,0.11239,0.11239,0.78174,0.07687,0.30820,277,284
37,31,0.11055,0.11055,0.79688,0.03010,0.23066,273,280
37,32,0.11662,0.11662,0.80322,0.03649,0.22810,290,297
37,33,0.12027,0.12027,0.80273,0.13368,0.45090,294,301
37,34,0.11164,0.11164,0.77637,0.07015,0.22843,291,298
37,35,0.11440,0.11440,0.81738,0.05394,0.34795,319,325
37,36,0.10939,0.10939,0.81152,0.15128,0.54094,291,298
37,37,0.13593,0.13593,0.77930,0.10703,0.53985,322,329
37,38,0.12028,0.12028,0.78418,0.06348,0.36988,311,317
37,39,0.10873,0.10873,0.79053,0.04039,0.20856,314,321
37,40,0.11223,0.11223,0.78027,0.14621,0.57406,278,284
37,41,0.11542,0.11542,0.79004,0.07042,0.27062,299,306
37,42,0.13650,0.13650,0.79004,0.09909,0.38370,297,304
37,43,0.10504,0.10504,0.76025,0.07829,0.32490,272,279
37,44,0.10692,0.10692,0.77588,0.13526,0.44729,325,331
38,0,0.10903,0.10903,0.80371,0.04300,0.25547,356,1096
38,1,0.13053,0.13053,0.77197,0.08718,0.42954,272,279
38,2,0.12881,0.12881,0.78369,0.05119,0.29718,294,303
38,3,0.11463,0.11463,0.77930,0.05736,0.26163,308,315
38,4,0.12532,0.12532,0.78613,0.03862,0.21225,301,308
38,5,0.11453,0.11453,0.79980,0.11979,0.43836,308,314
38,6,0.13326,0.13326,0.80518,0.07088,0.28988,307,314
38,7,0.11885,0.11885,0.80029,0.07767,0.35266,310,317
38,8,0.15345,0.15345,0.80176,0.16285,0.35996,318,325
38,9,0.15963,0.15963,0.77246,0.14823,0.35686,303,310
38,10,0.13828,0.13828,0.81836,0.04308,0.22768,295,302
38,11,0.13079,0.13079,0.79248,0.28604,0.66847,283,290
38,12,0.11336,0.11336,0.80908,0.20102,0.48473,314,321
38,13,0.10341,0.10341,0.79688,0.07798,0.27201,304,311
38,14,0.11220,0.11220,0.79590,0.13243,0.37018,295,302
38,15,0.12318,0.12318,0.80322,0.15087,0.48724,301,308
38,16,0.14554,0.14554,0.78369,0.10045,0.38522,293,300
38,17,0.10842,0.10842,0.80811,0.14953,0.39591,292,299
38,18,0.13453,0.13453,0.78711,0.06121,0.34540,293,300
38,19,0.11707,0.11707,0.78760,0.05878,0.31938,300,307
38,20,0.09873,0.09873,0.80420,0.07288,0.27691,281,288
38,21,0.11676,0.11676,0.79443,0.06689,0.30987,298,305
38,22,0.12173,0.12173,0.77783,0.07382,0.32859,300,307
38,23,0.12737,0.12737,0.82031,0.10915,0.38670,302,309
38,24,0.11297,0.11297,0.81592,0.10469,0.27949,310,317
38,25,0.13727,0.13727,0.81689,0.17788,0.64111,297,304
38,26,0.12360,0.12360,0.77588,0.17877,0.61621,286,293
38,27,0.11706,0.11706,0.80469,0.12392,0.54597,292,299
38,28,0.13209,0.13209,0.77979,0.10759,0.36966,289,295
38,29,0.11758,0.11758,0.79395,0.19759,0.83663,303,310
38,30,0.11172,0.11172,0.80518,0.17745,0.40429,302,309
38,31,0.11649,0.11649,0.82324,0.24658,0.29974,294,301
38,32,0.10162,0.10162,0.81885,0.12983,0.34593,297,304
38,33,0.12471,0.12471,0.80176,0.12588,0.53278,294,301
38,34,0.11250,0.11250,0.81396,0.10382,0.45914,311,317
38,35,0.10935,0.10935,0.80664,0.05904,0.30950,273,280
38,36,0.11560,0.11560,0.79688,0.04477,0.28320,289,296
38,37,0.12298,0.12298,0.81006,0.07438,0.33447,263,270
38,38,0.15838,0.15838,0.81494,0.12173,0.28545,302,309
38,39,0.12317,0.12317,0.77539,0.29932,0.49949,287,294
38,40,0.11197,0.11197,0.80420,0.21881,0.42530,316,323
38,41,0.11387,0.11387,0.78809,0.22052,0.44401,307,314
38,42,0.11080,0.11080,0.76514,0.12350,0.27450,323,330
38,43,0.12738,0.12738,0.79346,0.03827,0.23982,288,295
38,44,0.11729,0.11729,0.82178,0.09084,0.20136,309,315
39,0,0.11379,0.11379,0.80371,0.23153,0.31533,294,1037
39,1,0.11410,0.11410,0.79736,0.10073,0.32917,341,348
39,2,0.15180,0.15180,0.81299,0.12387,0.33003,291,298
39,3,0.11713,0.11713,0.77295,0.26784,0.61716,324,331
39,4,0.11519,0.11519,0.78760,0.05051,0.25929,320,327
39,5,0.11756,0.11756,0.79346,0.08631,0.30762,282,289
39,6,0.13219,0.13219,0.81787,0.07605,0.32342,303,310
39,7,0.11867,0.11867,0.78271,0.12447,0.30139,306,313
39,8,0.10491,0.10491,0.78564,0.20179,0.44921,316,323
39,9,0.12985,0.12985,0.79443,0.03253,0.23638,273,280
39,10,0.11089,0.11089,0.80029,0.10886,0.39818,306,313
39,11,0.10864,0.10864,0.78662,0.09433,0.30894,302,309
39,12,0.11120,0.11120,0.79053,0.05659,0.30419,308,315
39,13,0.11343,0.11343,0.76807,0.14681,0.47378,285,293
39,14,0.11742,0.11742,0.80176,0.09072,0.38145,283,290
39,15,0.10553,0.10553,0.80762,0.04724,0.28536,314,322
39,16,0.12348,0.12348,0.80127,0.28133,0.70769,317,324
39,17,0.11885,0.11885,0.80859,0.07570,0.28126,319,326
39,18,0.13336,0.13336,0.81104,0.05942,0.30303,312,320
39,19,0.15979,0.15979,0.82764,0.15672,0.35177,313,320
39,20,0.11031,0.11031,0.79199,0.08122,0.40788,298,305
39,21,0.11203,0.11203,0.76562,0.11866,0.39649,301,308
39,22,0.12780,0.12780,0.76562,0.08285,0.27667,269,276
39,23,0.12497,0.12497,0.81738,0.24047,0.46952,300,307
39,24,0.11806,0.11806,0.78516,0.09721,0.30220,277,285
39,25,0.10621,0.10621,0.79150,0.05561,0.33927,303,310
39,26,0.10511,0.10511,0.79883,0.17132,0.37388,263,270
39,27,0.10511,0.10511,0.78369,0.15898,0.55216,306,313
39,28,0.10016,0.10016,0.79102,0.12054,0.30005,304,311
39,29,0.13223,0.13223,0.81348,0.08195,0.20495,312,318
39,30,0.12324,0.12324,0.80518,0.08806,0.51806,317,324
39,31,0.16732,0.16732,0.80859,0.10414,0.39206,281,288
39,32,0.14073,0.14073,0.79004,0.05741,0.37124,288,295
39,33,0.13452,0.13452,0.80176,0.22369,0.52883,295,302
39,34,0.10669,0.10669,0.78857,0.20843,0.32543,285,292
39,35,0.13171,0.13171,0.79980,0.13341,0.37909,294,301
39,36,0.13111,0.13111,0.80322,0.18112,0.40368,292,299
39,37,0.12388,0.12388,0.79688,0.11724,0.36408,299,306
39,38,0.12411,0.12411,0.80225,0.23687,0.39277,308,315
39,39,0.10357,0.10357,0.78711,0.13769,0.38484,322,329
39,40,0.12051,0.12051,0.78662,0.13183,0.28736,294,301
39,41,0.12428,0.12428,0.79785,0.31793,0.46044,314,321
39,42,0.11669,0.11669,0.80420,0.05061,0.28125,286,292
39,43,0.11377,0.11377,0.81592,0.22167,0.32986,281,288
39,44,0.13678,0.13678,0.80713,0.14209,0.30861,289,295
40,0,0.10555,0.10555,0.79395,0.20104,0.33729,454,1223
40,1,0.12808,0.12808,0.80371,0.19545,0.29417,291,298
40,2,0.11777,0.11777,0.80957,0.52078,0.61936,316,323
40,3,0.11557,0.11557,0.81104,0.16251,0.26579,307,314
40,4,0.13089,0.13089,0.77002,0.28678,0.56769,307,314
40,5,0.13109,0.13109,0.80566,0.24729,0.53249,297,304
40,6,0.12545,0.12545,0.80127,0.08916,0.29104,283,290
40,7,0.10864,0.10864,0.80176,0.20998,0.32612,303,310
40,8,0.13235,0.13235,0.79785,0.22972,0.43838,320,327
40,9,0.12408,0.12408,0.79980,0.16570,0.45698,270,277
40,10,0.11749,0.11749,0.82568,0.15163,0.40775,287,294
40,11,0.13084,0.13084,0.78516,0.17176,0.40086,312,319
40,12,0.11507,0.11507,0.82178,0.09889,0.32511,312,319
40,13,0.10833,0.10833,0.80566,0.13484,0.28633,320,327
40,14,0.11714,0.11714,0.84180,0.23376,0.35643,272,279
40,15,0.11058,0.11058,0.79053,0.05587,0.25472,283,290
40,16,0.13524,0.13524,0.77490,0.07468,0.30405,290,298
40,17,0.12098,0.12098,0.78174,0.04932,0.27821,284,291
40,18,0.11181,0.11181,0.76904,0.05160,0.28180,271,278
40,19,0.14121,0.14121,0.78613,0.04607,0.27130,301,308
40,20,0.13011,0.13011,0.78076,0.09559,0.35256,288,295
40,21,0.13661,0.13661,0.79199,0.06792,0.22656,291,298
40,22,0.10388,0.10388,0.78906,0.05345,0.27153,333,340
40,23,0.10825,0.10825,0.79443,0.35804,0.71968,300,307
40,24,0.11817,0.11817,0.78760,0.06283,0.28233,328,335
40,25,0.11829,0.11829,0.79688,0.09461,0.32109,289,296
40,26,0.15145,0.15145,0.78125,0.09587,0.35148,286,293
40,27,0.14537,0.14537,0.81689,0.51796,0.90088,315,322
40,28,0.11868,0.11868,0.81738,0.31446,0.59225,280,287
40,29,0.13265,0.13265,0.81738,0.19572,0.28759,320,327
40,30,0.14185,0.14185,0.80957,0.39695,0.63772,331,338
40,31,0.13057,0.13057,0.80566,0.33369,0.62066,305,312
40,32,0.11918,0.11918,0.79785,0.23059,0.63424,311,318
40,33,0.12886,0.12886,0.80371,0.06831,0.32721,298,305
40,34,0.11355,0.11355,0.78125,0.19610,0.52739,319,325
40,35,0.12832,0.12832,0.77881,0.14914,0.46227,300,306
40,36,0.14493,0.14493,0.79590,0.22938,0.64995,282,289
40,37,0.13846,0.13846,0.82764,0.14142,0.29922,314,321
40,38,0.12760,0.12760,0.82959,0.16379,0.22736,294,301
40,39,0.11683,0.11683,0.80420,0.06821,0.30560,283,290
40,40,0.11990,0.11990,0.78662,0.27957,0.61428,308,314
40,41,0.11527,0.11527,0.79590,0.26211,0.58786,322,329
40,42,0.12193,0.12193,0.82031,0.05863,0.31345,288,295
40,43,0.11684,0.11684,0.80518,0.07208,0.26047,298,305
40,44,0.12497,0.12497,0.82373,0.08522,0.35855,295,301
41,0,0.13228,0.13228,0.79248,0.04115,0.29389,306,1021
41,1,0.11401,0.11401,0.79639,0.17277,0.63179,297,304
41,2,0.12754,0.12754,0.80664,0.15858,0.56407,314,321
41,3,0.11929,0.11929,0.80762,0.19252,0.55368,301,308
41,4,0.13523,0.13523,0.79102,0.13104,0.32783,290,297
41,5,0.12800,0.12800,0.78027,0.12853,0.49097,297,303
41,6,0.11985,0.11985,0.79395,0.26422,0.92451,315,322
41,7,0.12459,0.12459,0.78418,0.20902,0.48783,281,287
41,8,0.11440,0.11440,0.78516,0.09700,0.43670,288,295
41,9,0.10733,0.10733,0.77832,0.09187,0.50460,312,319
41,10,0.13009,0.13009,0.78027,0.21024,0.59483,304,311
41,11,0.12593,0.12593,0.77588,0.07833,0.31790,298,305
41,12,0.12759,0.12759,0.80225,0.22487,0.63873,296,303
41,13,0.12397,0.12397,0.81445,0.09777,0.34642,279,286
41,14,0.12821,0.12821,0.80518,0.08638,0.26981,299,306
41,15,0.09809,0.09809,0.80762,0.03827,0.25496,328,335
41,16,0.10813,0.10813,0.81641,0.14922,0.38022,294,301
41,17,0.12276,0.12276,0.83203,0.28715,0.52869,285,292
41,18,0.11917,0.11917,0.79492,0.07853,0.30408,286,293
41,19,0.11824,0.11824,0.79346,0.08278,0.22667,311,318
41,20,0.13479,0.13479,0.79980,0.21174,0.59601,301,308
41,21,0.12450,0.12450,0.80127,0.06974,0.27205,298,305
41,22,0.10453,0.10453,0.78955,0.06187,0.22232,299,306
41,23,0.10797,0.10797,0.78271,0.03981,0.24807,333,340
41,24,0.11271,0.11271,0.78076,0.04284,0.20413,287,294
41,25,0.10126,0.10126,0.82031,0.07854,0.24083,293,300
41,26,0.13090,0.13090,0.79297,0.12637,0.31644,308,315
41,27,0.12421,0.12421,0.78955,0.04900,0.28781,313,320
41,28,0.09951,0.09951,0.78760,0.12914,0.46979,292,299
41,29,0.12585,0.12585,0.80615,0.06085,0.29103,304,310
41,30,0.11476,0.11476,0.79541,0.18384,0.46172,305,312
41,31,0.11088,0.11088,0.77783,0.11174,0.46194,303,310
41,32,0.11379,0.11379,0.81152,0.19330,0.29917,304,310
41,33,0.11527,0.11527,0.79834,0.06022,0.31677,336,343
41,34,0.12140,0.12140,0.81689,0.40216,0.69896,292,299
41,35,0.10097,0.10097,0.82373,0.19398,0.63986,285,292
41,36,0.09814,0.09814,0.81494,0.08503,0.38992,297,304
41,37,0.09588,0.09588,0.79248,0.15935,0.37068,309,316
41,38,0.11121,0.11121,0.80225,0.12382,0.60722,275,282
41,39,0.14182,0.14182,0.81641,0.37281,0.88691,308,315
41,40,0.12209,0.12209,0.80908,0.08110,0.30737,290,297
41,41,0.11984,0.11984,0.79150,0.18484,0.28154,272,279
41,42,0.12325,0.12325,0.80225,0.20486,0.40016,274,281
41,43,0.12079,0.12079,0.77637,0.24092,0.64976,320,327
41,44,0.12512,0.12512,0.79395,0.04798,0.26720,301,308
42,0,0.13553,0.13553,0.82080,0.26425,0.47682,359,1199
42,1,0.10854,0.10854,0.78418,0.06757,0.32284,340,347
42,2,0.12033,0.12033,0.77197,0.07751,0.37943,321,328
42,3,0.10707,0.10707,0.78418,0.07404,0.32621,304,310
42,4,0.10952,0.10952,0.77295,0.05386,0.25361,278,285
42,5,0.10813,0.10813,0.78564,0.12615,0.40369,283,290
42,6,0.11196,0.11196,0.79541,0.07982,0.30902,301,308
42,7,0.10869,0.10869,0.80566,0.16949,0.28181,326,333
42,8,0.11533,0.11533,0.80615,0.15769,0.45512,316,323
42,9,0.10690,0.10690,0.82227,0.04764,0.25394,323,330
42,10,0.11102,0.11102,0.80518,0.18347,0.27193,328,335
42,11,0.11534,0.11534,0.79639,0.07699,0.28000,294,301
42,12,0.10300,0.10300,0.80713,0.05750,0.22251,292,299
42,13,0.11024,0.11024,0.79590,0.08483,0.24900,284,291
42,14,0.11035,0.11035,0.81152,0.06280,0.31767,295,302
42,15,0.13397,0.13397,0.82129,0.27241,0.36114,306,313
42,16,0.11604,0.11604,0.81250,0.10989,0.25344,307,314
42,17,0.11462,0.11462,0.80078,0.09205,0.28401,296,303
42,18,0.10861,0.10861,0.79688,0.20607,0.27531,300,307
42,19,0.11157,0.11157,0.79590,0.11645,0.29948,290,297
42,20,0.12151,0.12151,0.78223,0.12679,0.55583,317,324
42,21,0.14590,0.14590,0.79736,0.07839,0.42551,291,298
42,22,0.10700,0.10700,0.78125,0.03844,0.23404,299,305
42,23,0.11192,0.11192,0.79688,0.31626,0.50330,296,303
42,24,0.10605,0.10605,0.79541,0.18302,0.40322,291,297
42,25,0.12209,0.12209,0.80713,0.05937,0.27124,306,313
42,26,0.12137,0.12137,0.80469,0.07142,0.41251,296,303
42,27,0.11976,0.11976,0.79688,0.10691,0.48435,295,302
42,28,0.12115,0.12115,0.79639,0.18824,0.29585,307,314
42,29,0.11655,0.11655,0.81299,0.19547,0.53668,321,328
42,30,0.11579,0.11579,0.81787,0.07310,0.31089,298,304
42,31,0.12771,0.12771,0.80322,0.12021,0.35503,324,331
42,32,0.12140,0.12140,0.81006,0.28989,0.58226,272,279
42,33,0.11507,0.11507,0.81738,0.17337,0.36676,310,317
42,34,0.11820,0.11820,0.78711,0.05209,0.28901,304,311
42,35,0.12907,0.12907,0.79150,0.16073,0.34989,312,319
42,36,0.11870,0.11870,0.79443,0.25214,0.44842,295,302
42,37,0.13350,0.13350,0.77832,0.33522,0.61189,287,294
42,38,0.09371,0.09371,0.81104,0.11755,0.28782,309,316
42,39,0.12786,0.12786,0.79541,0.17925,0.54287,290,297
42,40,0.12436,0.12436,0.78955,0.25156,0.72082,298,305
42,41,0.12999,0.12999,0.79688,0.21803,0.36781,293,300
42,42,0.13342,0.13342,0.81006,0.15085,0.43969,293,300
42,43,0.12060,0.12060,0.81592,0.17253,0.68390,295,302
42,44,0.11303,0.11303,0.82275,0.12441,0.38499,310,317
43,0,0.11014,0.11014,0.81836,0.15405,0.42791,355,1303
43,1,0.13563,0.13563,0.79248,0.25369,0.77464,302,309
43,2,0.11117,0.11117,0.77051,0.10132,0.28596,308,315
43,3,0.12113,0.12113,0.78711,0.21542,0.81388,285,293
43,4,0.12789,0.12789,0.80518,0.17717,0.61318,310,317
43,5,0.10992,0.10992,0.78271,0.06329,0.27551,279,286
43,6,0.11829,0.11829,0.77637,0.13567,0.29140,283,290
43,7,0.10982,0.10982,0.77734,0.09396,0.27129,299,306
43,8,0.12417,0.12417,0.77832,0.15091,0.22996,304,311
43,9,0.12643,0.12643,0.80469,0.04432,0.21621,281,288
43,10,0.13654,0.13654,0.79834,0.10676,0.31938,271,278
43,11,0.11422,0.11422,0.80176,0.11501,0.32314,305,312
43,12,0.10497,0.10497,0.81494,0.08510,0.28992,310,318
43,13,0.10951,0.10951,0.83350,0.09523,0.25174,311,318
43,14,0.09561,0.09561,0.83740,0.08272,0.25674,296,302
43,15,0.14315,0.14315,0.80029,0.15152,0.48997,288,295
43,16,0.09860,0.09860,0.83203,0.03099,0.17017,323,330
43,17,0.11115,0.11115,0.80420,0.08840,0.24267,304,311
43,18,0.12646,0.12646,0.82715,0.39262,0.61207,290,297
43,19,0.10548,0.10548,0.80273,0.16523,0.38828,296,303
43,20,0.11739,0.11739,0.81055,0.05814,0.21197,303,310
43,21,0.10842,0.10842,0.78027,0.16233,0.36900,305,312
43,22,0.11428,0.11428,0.79834,0.10457,0.32287,304,311
43,23,0.10764,0.10764,0.77441,0.19349,0.46145,307,314
43,24,0.09805,0.09805,0.76904,0.10272,0.37282,298,305
43,25,0.11448,0.11448,0.80469,0.11570,0.27774,291,298
43,26,0.11001,0.11001,0.83398,0.08764,0.28541,296,303
43,27,0.10966,0.10966,0.80908,0.07865,0.33693,278,285
43,28,0.11323,0.11323,0.79541,0.05420,0.27169,302,309
43,29,0.11965,0.11965,0.82568,0.13349,0.30739,320,327
43,30,0.11336,0.11336,0.82617,0.06048,0.24886,315,322
43,31,0.13383,0.13383,0.80811,0.04885,0.23005,271,278
43,32,0.12868,0.12868,0.82910,0.19046,0.45035,325,331
43,33,0.10813,0.10813,0.78418,0.15925,0.34574,297,303
43,34,0.11389,0.11389,0.80664,0.07914,0.23936,309,316
43,35,0.11670,0.11670,0.79639,0.14279,0.33735,301,308
43,36,0.11655,0.11655,0.79443,0.07239,0.24265,279,286
43,37,0.12526,0.12526,0.81348,0.10744,0.32386,280,287
43,38,0.10901,0.10901,0.80322,0.06235,0.29528,313,320
43,39,0.13060,0.13060,0.81689,0.03882,0.23108,302,308
43,40,0.12715,0.12715,0.81689,0.09990,0.29739,304,311
43,41,0.13341,0.13341,0.79980,0.07270,0.26380,298,305
43,42,0.11098,0.11098,0.78467,0.20390,0.52522,314,320
43,43,0.12892,0.12892,0.81689,0.02631,0.20702,279,285
43,44,0.10316,0.10316,0.83643,0.13318,0.31289,330,337
44,0,0.12032,0.12032,0.81055,0.21896,0.35027,317,1100
44,1,0.10991,0.10991,0.77002,0.06233,0.30152,317,324
44,2,0.13960,0.13960,0.79834,0.03170,0.20599,288,295
44,3,0.10894,0.10894,0.82764,0.04899,0.19889,331,338
44,4,0.10716,0.10716,0.80713,0.23009,0.44235,300,307
44,5,0.10283,0.10283,0.76025,0.02387,0.19585,291,298
44,6,0.09416,0.09416,0.79688,0.05753,0.28101,309,316
44,7,0.09378,0.09378,0.79590,0.08433,0.25446,292,299
44,8,0.10764,0.10764,0.78320,0.03722,0.27025,304,312
44,9,0.10979,0.10979,0.79785,0.11643,0.31944,284,291
44,10,0.11210,0.11210,0.79443,0.05196,0.28396,309,316
44,11,0.12152,0.12152,0.83203,0.26564,0.68030,279,286
44,12,0.13795,0.13795,0.79980,0.05844,0.24198,261,268
44,13,0.12808,0.12808,0.81494,0.10644,0.35041,301,308
44,14,0.10627,0.10627,0.80762,0.35483,0.63243,303,309
44,15,0.11420,0.11420,0.83008,0.18184,0.36287,284,291
44,16,0.10277,0.10277,0.79541,0.07938,0.19411,298,305
44,17,0.11909,0.11909,0.78857,0.08805,0.24621,289,296
44,18,0.13053,0.13053,0.78955,0.08626,0.23445,304,311
44,19,0.11107,0.11107,0.79590,0.08063,0.33866,308,315
44,20,0.10960,0.10960,0.83105,0.07012,0.24889,303,310
44,21,0.10602,0.10602,0.79443,0.10957,0.26721,305,312
44,22,0.10356,0.10356,0.81836,0.03863,0.19711,315,322
44,23,0.10154,0.10154,0.79932,0.08340,0.28785,310,317
44,24,0.11601,0.11601,0.80176,0.15232,0.29663,314,321
44,25,0.10996,0.10996,0.80469,0.14421,0.37979,314,321
44,26,0.12188,0.12188,0.83301,0.04690,0.25513,305,312
44,27,0.11826,0.11826,0.83252,0.09968,0.28741,294,301
44,28,0.12721,0.12721,0.82959,0.28288,0.81113,320,327
44,29,0.09965,0.09965,0.81201,0.12930,0.35319,287,294
44,30,0.11690,0.11690,0.78076,0.24879,0.71236,267,273
44,31,0.10663,0.10663,0.77930,0.13751,0.29284,297,304
44,32,0.12268,0.12268,0.78467,0.21885,0.31782,296,303
44,33,0.12936,0.12936,0.77832,0.07477,0.32280,286,293
44,34,0.13322,0.13322,0.80225,0.08883,0.39126,307,314
44,35,0.11215,0.11215,0.79297,0.07467,0.35907,302,309
44,36,0.13667,0.13667,0.80176,0.08107,0.23953,287,293
44,37,0.12909,0.12909,0.81738,0.19216,0.29207,297,304
44,38,0.10862,0.10862,0.82373,0.09834,0.20175,303,310
44,39,0.12908,0.12908,0.84326,0.17773,0.28858,296,303
44,40,0.13769,0.13769,0.83203,0.09281,0.46762,277,284
44,41,0.12416,0.12416,0.79492,0.23226,0.82377,297,304
44,42,0.11240,0.11240,0.79541,0.07631,0.45013,322,329
44,43,0.11738,0.11738,0.80029,0.12579,0.33462,290,297
44,44,0.12640,0.12640,0.79883,0.31798,0.52753,297,304
45,0,0.14977,0.14977,0.77832,0.25804,0.58757,311,1144
45,1,0.12637,0.12637,0.79785,0.25354,0.77628,345,352
45,2,0.14436,0.14436,0.77734,0.13724,0.38747,288,295
45,3,0.12054,0.12054,0.81689,0.20706,0.45119,295,302
45,4,0.12301,0.12301,0.80566,0.18313,0.67872,298,305
45,5,0.11345,0.11345,0.79785,0.14431,0.53333,291,297
45,6,0.09023,0.09023,0.81006,0.21314,0.40460,313,320
45,7,0.13229,0.13229,0.79492,0.16601,0.35075,305,312
45,8,0.13888,0.13888,0.80176,0.17891,0.58780,297,304
45,9,0.11804,0.11804,0.81787,0.13725,0.48571,304,311
45,10,0.13048,0.13048,0.79785,0.02859,0.24790,292,299
45,11,0.10793,0.10793,0.79150,0.19960,0.66365,288,295
45,12,0.13407,0.13407,0.79785,0.21792,0.44793,304,310
45,13,0.11525,0.11525,0.79834,0.07149,0.35106,321,328
45,14,0.10768,0.10768,0.79395,0.05630,0.25730,287,294
45,15,0.11417,0.11417,0.79443,0.11614,0.36035,295,302
45,16,0.13007,0.13007,0.83350,0.13430,0.33845,308,315
45,17,0.14238,0.14238,0.80176,0.14729,0.53765,319,326
45,18,0.13242,0.13242,0.79883,0.08314,0.38483,302,309
45,19,0.10859,0.10859,0.80908,0.09964,0.31440,300,307
45,20,0.09590,0.09590,0.79688,0.10240,0.32445,314,321
45,21,0.10848,0.10848,0.79248,nan,nan,280,287
45,22,0.12049,0.12049,0.79346,0.16868,0.50402,288,295
45,23,0.10538,0.10538,0.80908,0.09351,0.29900,303,311
45,24,0.12631,0.12631,0.78564,0.11507,0.48813,304,311
45,25,0.14247,0.14247,0.81982,0.05775,0.42570,325,332
45,26,0.12442,0.12442,0.80225,0.28154,0.43482,302,309
45,27,0.11609,0.11609,0.82422,0.09147,0.47062,293,300
45,28,0.13287,0.13287,0.79150,0.18269,0.64808,300,307
45,29,0.11600,0.11600,0.80762,0.05272,0.24764,307,314
45,30,0.13197,0.13197,0.83447,0.16706,0.47559,267,274
45,31,0.11325,0.11325,0.80420,0.14000,0.32210,306,312
45,32,0.12949,0.12949,0.81689,0.15806,0.50531,277,284
45,33,0.13601,0.13601,0.83105,0.08717,0.25807,315,322
45,34,0.12048,0.12048,0.81836,0.15154,0.41465,275,282
45,35,0.11617,0.11617,0.81494,0.12141,0.34964,317,324
45,36,0.11440,0.11440,0.82129,0.10622,0.50952,305,311
45,37,0.08483,0.08483,0.81592,0.07843,0.26694,321,328
45,38,0.12021,0.12021,0.80518,0.15568,0.34737,299,305
45,39,0.12456,0.12456,0.79736,0.06236,0.23710,285,292
45,40,0.11299,0.11299,0.82764,0.06096,0.26405,292,299
45,41,0.12257,0.12257,0.80908,0.04119,0.19334,290,297
45,42,0.12554,0.12554,0.79346,0.07963,0.33111,282,289
45,43,0.11606,0.11606,0.81445,0.11964,0.26477,288,295
45,44,0.13568,0.13568,0.80908,0.04753,0.24885,288,295
46,0,0.12871,0.12871,0.79883,0.06209,0.22538,305,1234
46,1,0.11519,0.11519,0.80664,0.34624,0.43562,328,344
46,2,0.12465,0.12465,0.79297,0.09820,0.29433,306,313
46,3,0.10338,0.10338,0.81201,0.20635,0.43042,323,330
46,4,0.11284,0.11284,0.79346,0.05252,0.28457,301,308
46,5,0.10224,0.10224,0.80908,0.04518,0.22268,309,316
46,6,0.13519,0.13519,0.80029,0.12586,0.27576,315,322
46,7,0.10898,0.10898,0.80078,0.05299,0.30362,301,307
46,8,0.10491,0.10491,0.79492,0.04169,0.25043,301,307
46,9,0.10884,0.10884,0.81836,0.15019,0.34448,324,331
46,10,0.12209,0.12209,0.79785,0.09531,0.39015,285,292
46,11,0.11572,0.11572,0.82227,0.09281,0.30983,289,295
46,12,0.11137,0.11137,0.80176,0.19631,0.67495,302,309
46,13,0.11648,0.11648,0.78271,0.10473,0.38348,290,297
46,14,0.10631,0.10631,0.80859,0.09171,0.23737,316,323
46,15,0.11663,0.11663,0.79004,0.13952,0.42237,318,325
46,16,0.09734,0.09734,0.79834,0.09085,0.33551,308,315
46,17,0.11331,0.11331,0.82910,0.17863,0.34680,284,291
46,18,0.11175,0.11175,0.82031,0.03620,0.24470,311,318
46,19,0.10550,0.10550,0.81055,0.14312,0.28268,280,287
46,20,0.10203,0.10203,0.79395,0.12888,0.23456,305,312
46,21,0.11691,0.11691,0.79688,0.03658,0.22772,302,309
46,22,0.09957,0.09957,0.79395,0.17546,0.40720,273,280
46,23,0.09664,0.09664,0.81348,0.08232,0.33668,287,294
46,24,0.11989,0.11989,0.79346,0.05137,0.20325,273,279
46,25,0.11135,0.11135,0.81201,0.14724,0.28498,316,323
46,26,0.10903,0.10903,0.79297,0.10117,0.31397,294,301
46,27,0.11606,0.11606,0.81885,0.09473,0.21417,319,327
46,28,0.10822,0.10822,0.79736,0.07767,0.22737,299,306
46,29,0.10629,0.10629,0.79150,0.12587,0.38935,314,321
46,30,0.12791,0.12791,0.79492,0.05436,0.22233,292,299
46,31,0.14628,0.14628,0.78809,0.27288,0.66282,323,330
46,32,0.12986,0.12986,0.78809,0.22966,0.41963,276,282
46,33,0.11694,0.11694,0.82373,0.22662,0.39288,303,309
46,34,0.12608,0.12608,0.81348,0.22642,0.43335,312,319
46,35,0.11983,0.11983,0.79150,0.27974,0.49410,285,292
46,36,0.10533,0.10533,0.80664,0.10074,0.26482,321,328
46,37,0.12367,0.12367,0.78906,0.09383,0.27935,303,309
46,38,0.12005,0.12005,0.79785,0.16268,0.37463,308,315
46,39,0.12001,0.12001,0.80859,0.12724,0.28405,288,295
46,40,0.11122,0.11122,0.79199,0.14741,0.47019,299,306
46,41,0.11074,0.11074,0.79932,0.17920,0.59849,266,273
46,42,0.10280,0.10280,0.81738,0.15865,0.34667,282,289
46,43,0.11253,0.11253,0.83887,0.21809,0.46603,308,315
46,44,0.10635,0.10635,0.81396,0.12974,0.33818,320,327
47,0,0.14413,0.14413,0.80518,0.17396,0.38070,313,1107
47,1,0.10303,0.10303,0.80908,0.13387,0.30160,307,313
47,2,0.10936,0.10936,0.79102,0.07482,0.24414,318,325
47,3,0.10051,0.10051,0.81055,0.04355,0.23565,281,288
47,4,0.11880,0.11880,0.82373,0.08095,0.37082,333,340
47,5,0.12938,0.12938,0.79199,0.17226,0.48921,256,263
47,6,0.11689,0.11689,0.78760,0.18695,0.49598,300,307
47,7,0.11777,0.11777,0.78662,0.07862,0.26672,297,304
47,8,0.14408,0.14408,0.81934,0.05307,0.19561,286,293
47,9,0.11490,0.11490,0.81348,0.12909,0.49454,293,300
47,10,0.11689,0.11689,0.81250,0.24928,0.39745,277,284
47,11,0.11630,0.11630,0.82227,0.25274,0.40675,268,276
47,12,0.08955,0.08955,0.81836,0.04032,0.19878,300,307
47,13,0.10660,0.10660,0.80811,0.09762,0.24352,299,306
47,14,0.12646,0.12646,0.80127,0.14703,0.26922,318,324
47,15,0.11677,0.11677,0.81396,0.27958,0.35999,286,294
47,16,0.10482,0.10482,0.78809,0.06088,0.23769,311,318
47,17,0.12563,0.12563,0.81006,0.18160,0.28764,287,294
47,18,0.12833,0.12833,0.81201,0.12361,0.28550,297,304
47,19,0.11039,0.11039,0.80469,0.07797,0.19966,287,294
47,20,0.11478,0.11478,0.77148,0.04301,0.26187,290,297
47,21,0.10109,0.10109,0.79053,0.28182,0.45519,291,298
47,22,0.10706,0.10706,0.82275,0.07851,0.30914,308,315
47,23,0.11633,0.11633,0.79492,0.04403,0.29175,294,301
47,24,0.12399,0.12399,0.80518,0.05214,0.21176,307,313
47,25,0.11551,0.11551,0.80957,0.15656,0.25477,328,335
47,26,0.12293,0.12293,0.80176,0.10010,0.51247,284,291
47,27,0.10560,0.10560,0.81689,0.08165,0.20136,293,300
47,28,0.10571,0.10571,0.81494,0.05143,0.21806,299,306
47,29,0.09667,0.09667,0.83057,0.07609,0.30806,310,316
47,30,0.12023,0.12023,0.79150,0.08676,0.42107,308,315
47,31,0.11925,0.11925,0.82031,0.07600,0.33523,279,285
47,32,0.10441,0.10441,0.81201,0.03476,0.17479,312,319
47,33,0.11297,0.11297,0.81982,0.13332,0.29639,286,293
47,34,0.10622,0.10622,0.83057,0.06555,0.20296,313,320
47,35,0.08816,0.08816,0.81836,0.14107,0.43948,313,320
47,36,0.09261,0.09261,0.82178,0.09797,0.36427,291,298
47,37,0.10226,0.10226,0.80127,0.12802,0.23270,292,299
47,38,0.10830,0.10830,0.80664,0.24879,0.69315,282,288
47,39,0.10467,0.10467,0.82617,0.20494,0.40319,307,314
47,40,0.11842,0.11842,0.82568,0.12217,0.29857,281,288
47,41,0.11352,0.11352,0.80127,0.07636,0.29674,291,298
47,42,0.11882,0.11882,0.84326,0.28519,0.42336,289,295
47,43,0.11602,0.11602,0.81836,0.18488,0.39020,295,302
47,44,0.10792,0.10792,0.80811,0.05334,0.26404,308,315
48,0,0.10634,0.10634,0.78613,0.28433,0.42736,349,1333
48,1,0.10251,0.10251,0.79980,0.25185,0.44414,292,302
48,2,0.12523,0.12523,0.81348,0.07684,0.24642,289,296
48,3,0.10769,0.10769,0.79736,0.14610,0.33790,303,310
48,4,0.11912,0.11912,0.80127,0.16061,0.44376,273,280
48,5,0.10248,0.10248,0.80176,0.11098,0.26998,300,307
48,6,0.13361,0.13361,0.80566,0.05160,0.28707,295,302
48,7,0.13141,0.13141,0.79639,0.12051,0.39816,297,304
48,8,0.09810,0.09810,0.78076,0.07804,0.36657,307,314
48,9,0.10989,0.10989,0.80713,0.03564,0.19259,306,312
48,10,0.10500,0.10500,0.80713,0.07599,0.33024,315,322
48,11,0.09802,0.09802,0.79590,0.10099,0.31847,299,306
48,12,0.11230,0.11230,0.83057,0.27501,0.56414,269,276
48,13,0.11834,0.11834,0.81836,0.08777,0.24858,333,340
48,14,0.13000,0.13000,0.81006,0.05395,0.24640,300,307
48,15,0.08997,0.08997,0.81982,0.18659,0.38661,325,332
48,16,0.10389,0.10389,0.82715,0.11810,0.28409,289,296
48,17,0.11242,0.11242,0.81689,0.03600,0.25944,265,273
48,18,0.10922,0.10922,0.81543,0.14856,0.39278,289,296
48,19,0.10427,0.10427,0.80811,0.08930,0.38291,333,340
48,20,0.11302,0.11302,0.79736,0.10266,0.30306,299,306
48,21,0.13188,0.13188,0.81494,0.04164,0.24685,295,302
48,22,0.10096,0.10096,0.79150,0.26004,0.34579,308,315
48,23,0.10214,0.10214,0.81592,0.04299,0.22728,300,307
48,24,0.11603,0.11603,0.83447,0.06087,0.30586,292,299
48,25,0.10859,0.10859,0.81982,0.08085,0.30094,304,311
48,26,0.11682,0.11682,0.81055,0.06891,0.33182,305,312
48,27,0.12560,0.12560,0.78955,0.02898,0.20564,301,308
48,28,0.12963,0.12963,0.80908,0.11994,0.24998,292,299
48,29,0.09623,0.09623,0.82568,0.12657,0.43256,298,305
48,30,0.11560,0.11560,0.81934,0.05512,0.18037,331,338
48,31,0.10588,0.10588,0.80908,0.04474,0.21180,262,269
48,32,0.11421,0.11421,0.79590,0.09402,0.22531,316,322
48,33,0.11881,0.11881,0.82666,0.06016,0.30833,278,284
48,34,0.12243,0.12243,0.79395,0.07126,0.32931,313,319
48,35,0.10702,0.10702,0.80664,0.03000,0.18984,315,322
48,36,0.13719,0.13719,0.82324,0.14267,0.34624,294,301
48,37,0.11753,0.11753,0.78955,0.10198,0.32089,304,310
48,38,0.10390,0.10390,0.77002,0.03511,0.22803,310,317
48,39,0.11502,0.11502,0.79297,0.04456,0.20467,283,290
48,40,0.11534,0.11534,0.80225,0.14509,0.40338,290,297
48,41,0.11156,0.11156,0.80176,0.15041,0.41463,277,284
48,42,0.10864,0.10864,0.82861,0.06004,0.26471,284,290
48,43,0.08864,0.08864,0.80322,0.12067,0.37906,295,301
48,44,0.12827,0.12827,0.82080,0.12103,0.24368,271,278
49,0,0.11220,0.11220,0.83789,0.11437,0.25889,334,1108
49,1,0.11968,0.11968,0.83936,0.07666,0.25303,283,292
49,2,0.10421,0.10421,0.82715,0.06955,0.36001,301,308
49,3,0.12385,0.12385,0.80371,0.17724,0.32876,299,306
49,4,0.09351,0.09351,0.83350,0.25391,0.49332,289,296
49,5,0.10039,0.10039,0.79443,0.05429,0.29194,314,321
49,6,0.10406,0.10406,0.81055,0.08569,0.23115,314,321
49,7,0.09304,0.09304,0.78711,0.25086,0.71891,318,324
49,8,0.11074,0.11074,0.77832,0.09067,0.22104,295,302
49,9,0.11785,0.11785,0.82129,0.11874,0.36685,300,308
49,10,0.12154,0.12154,0.80664,0.13864,0.40531,324,331
49,11,0.10094,0.10094,0.80420,0.18077,0.33456,304,311
49,12,0.09786,0.09786,0.81299,0.04920,0.18384,309,316
49,13,0.10128,0.10128,0.79297,0.07793,0.28642,307,314
49,14,0.12502,0.12502,0.82178,0.09888,0.23982,279,285
49,15,0.10905,0.10905,0.82666,0.06607,0.34924,307,314
49,16,0.10904,0.10904,0.81934,0.18275,0.30720,310,317
49,17,0.09942,0.09942,0.81982,0.06066,0.25336,302,309
49,18,0.10015,0.10015,0.80811,0.04856,0.22262,309,316
49,19,0.09427,0.09427,0.80615,0.12991,0.32477,280,287
49,20,0.10522,0.10522,0.78906,0.03569,0.17027,296,303
49,21,0.11027,0.11027,0.78906,0.12832,0.46967,273,280
49,22,0.10159,0.10159,0.79297,0.07613,0.28456,274,281
49,23,0.11970,0.11970,0.80225,0.06455,0.40171,315,322
49,24,0.12768,0.12768,0.79248,0.05612,0.27458,294,301
49,25,0.12350,0.12350,0.81787,0.15675,0.47985,287,294
49,26,0.11313,0.11313,0.82324,0.18634,0.26962,299,306
49,27,0.11188,0.11188,0.80518,0.08307,0.21439,324,330
49,28,0.10415,0.10415,0.80029,0.18652,0.41657,275,282
49,29,0.11533,0.11533,0.82031,0.12326,0.34376,318,325
49,30,0.11460,0.11460,0.85156,0.21143,0.67214,306,313
49,31,0.08869,0.08869,0.81445,0.10863,0.36035,287,294
49,32,0.11762,0.11762,0.78955,0.19865,0.66397,304,310
49,33,0.11728,0.11728,0.81592,0.16045,0.53482,324,331
49,34,0.10223,0.10223,0.80566,0.17633,0.46560,285,292
49,35,0.11410,0.11410,0.80420,0.09065,0.32390,299,306
49,36,0.11683,0.11683,0.81836,0.11086,0.47004,299,305
49,37,0.12699,0.12699,0.81299,0.08762,0.43668,283,290
49,38,0.12468,0.12468,0.80859,0.05635,0.29177,315,322
49,39,0.13442,0.13442,0.78418,0.11011,0.34292,295,302
49,40,0.13523,0.13523,0.82031,0.07260,0.41069,282,289
49,41,0.09911,0.09911,0.80176,0.06885,0.25614,284,291
49,42,0.10637,0.10637,0.79395,0.07107,0.34030,328,334
49,43,0.11947,0.11947,0.82324,0.12318,0.30262,309,316
49,44,0.12204,0.12204,0.81152,0.22817,0.51775,284,291
50,0,0.10910,0.10910,0.80469,0.08755,0.31015,335,1199
50,1,0.11652,0.11652,0.80566,0.14587,0.43026,325,344
50,2,0.13199,0.13199,0.82275,0.09223,0.25453,317,324
50,3,0.10668,0.10668,0.83203,0.39513,0.56368,303,310
50,4,0.12692,0.12692,0.82129,0.22933,0.72205,283,289
50,5,0.11096,0.11096,0.83203,0.18502,0.55446,294,301
50,6,0.12407,0.12407,0.81396,0.13939,0.43002,276,282
50,7,0.12976,0.12976,0.82178,0.17144,0.36400,280,287
50,8,0.13295,0.13295,0.83447,0.30725,0.64557,273,280
50,9,0.13292,0.13292,0.81934,0.34655,0.85192,287,294
50,10,0.11188,0.11188,0.81299,0.06504,0.39388,280,287
50,11,0.13689,0.13689,0.79590,0.15893,0.43823,294,301
50,12,0.12445,0.12445,0.79346,0.35113,0.60160,270,277
50,13,0.10543,0.10543,0.79395,0.35890,0.65877,312,319
50,14,0.14339,0.14339,0.79053,0.10388,0.26650,288,295
50,15,0.11229,0.11229,0.80078,0.26358,0.52477,321,328
50,16,0.10147,0.10147,0.79395,0.07917,0.37502,301,308
50,17,0.11698,0.11698,0.77393,0.18776,0.46068,315,322
50,18,0.14320,0.14320,0.81494,0.24499,0.48820,315,322
50,19,0.10797,0.10797,0.78809,0.26270,0.69689,291,298
50,20,0.10648,0.10648,0.82617,0.21331,0.28063,300,307
50,21,0.10751,0.10751,0.80811,0.06268,0.31864,271,278
50,22,0.12731,0.12731,0.79932,0.14127,0.51161,300,307
50,23,0.11432,0.11432,0.81592,0.25018,0.57194,314,321
50,24,0.12399,0.12399,0.82812,0.04221,0.33464,297,304
50,25,0.10736,0.10736,0.82422,0.10054,0.38111,352,359
50,26,0.11135,0.11135,0.82764,0.13954,0.39038,333,340
50,27,0.11026,0.11026,0.81250,0.12766,0.50822,307,314
50,28,0.11246,0.11246,0.79785,0.09121,0.41773,292,299
50,29,0.11930,0.11930,0.80371,0.05390,0.28920,286,293
50,30,0.10657,0.10657,0.79639,0.05669,0.36043,307,314
50,31,0.11688,0.11688,0.78271,0.07879,0.33819,273,280
50,32,0.10077,0.10077,0.80615,0.22651,0.39535,312,319
50,33,0.12346,0.12346,0.81396,0.07157,0.24950,282,289
50,34,0.11683,0.11683,0.80664,0.10898,0.31690,300,307
50,35,0.10828,0.10828,0.78662,0.15540,0.39426,298,305
50,36,0.09836,0.09836,0.81738,0.31778,0.75693,279,286
50,37,0.08832,0.08832,0.81006,0.11549,0.38889,328,335
50,38,0.09060,0.09060,0.80273,0.06546,0.30112,321,328
50,39,0.11648,0.11648,0.81055,0.12304,0.53291,301,308
50,40,0.11769,0.11769,0.81543,0.33890,0.87554,322,329
50,41,0.10546,0.10546,0.81738,0.14217,0.58130,278,285
50,42,0.11042,0.11042,0.81396,0.16670,0.31412,299,306
50,43,0.12078,0.12078,0.82910,0.04577,0.26392,303,310
50,44,0.12990,0.12990,0.82812,0.28765,0.69809,317,324
51,0,0.13348,0.13348,0.82764,0.19907,0.60353,325,1324
51,1,0.11282,0.11282,0.81348,0.10838,0.46862,288,295
51,2,0.10361,0.10361,0.80371,0.09792,0.39931,297,304
51,3,0.11095,0.11095,0.78809,0.07473,0.35030,301,308
51,4,0.10085,0.10085,0.79053,0.13805,0.65247,316,323
51,5,0.11281,0.11281,0.81787,0.09676,0.31828,279,287
51,6,0.13841,0.13841,0.81641,0.35282,0.62953,286,293
51,7,0.11438,0.11438,0.81396,0.10667,0.46364,296,303
51,8,0.10816,0.10816,0.82910,0.09383,0.29151,325,332
51,9,0.11316,0.11316,0.82080,0.23919,0.70968,289,296
51,10,0.12189,0.12189,0.82080,0.28263,0.56933,325,331
51,11,0.11092,0.11092,0.82471,0.07134,0.27735,302,309
51,12,0.11970,0.11970,0.80859,0.12191,0.27532,294,301
51,13,0.11433,0.11433,0.81006,0.05340,0.23505,297,304
51,14,0.13382,0.13382,0.81006,0.04435,0.29630,291,298
51,15,0.10413,0.10413,0.82568,0.12028,0.29819,279,286
51,16,0.15634,0.15634,0.82959,0.23112,0.84295,304,311
51,17,0.09799,0.09799,0.82959,0.11097,0.49603,294,301
51,18,0.09949,0.09949,0.79785,0.11057,0.38125,298,305
51,19,0.12770,0.12770,0.81689,0.13973,0.28387,328,335
51,20,0.10678,0.10678,0.82080,0.11499,0.36901,304,311
51,21,0.12108,0.12108,0.81592,0.13333,0.57640,293,300
51,22,0.13185,0.13185,0.80908,0.06595,0.22362,301,308
51,23,0.11301,0.11301,0.81592,0.04831,0.34907,281,287
51,24,0.11440,0.11440,0.80518,0.09943,0.33274,298,305
51,25,0.11250,0.11250,0.80811,0.07964,0.31062,324,331
51,26,0.10307,0.10307,0.80859,0.07471,0.39603,283,290
51,27,0.11304,0.11304,0.83936,0.11587,0.25176,320,327
51,28,0.11137,0.11137,0.81152,0.27107,0.33745,305,312
51,29,0.10353,0.10353,0.80322,0.06171,0.22471,276,282
51,30,0.13877,0.13877,0.82031,0.07819,0.43106,292,299
51,31,0.10944,0.10944,0.80713,0.10232,0.34257,307,314
51,32,0.10659,0.10659,0.79932,0.17386,0.44855,289,296
51,33,0.12661,0.12661,0.81006,0.08089,0.26063,301,308
51,34,0.12184,0.12184,0.82959,0.24912,0.31751,298,305
51,35,0.09029,0.09029,0.81299,0.27750,0.77083,310,316
51,36,0.10868,0.10868,0.81104,0.11765,0.51994,296,302
51,37,0.12418,0.12418,0.82373,0.21956,0.59584,296,303
51,38,0.10899,0.10899,0.80322,0.06441,0.19473,333,340
51,39,0.12196,0.12196,0.83447,0.37475,0.61921,308,315
51,40,0.11918,0.11918,0.80078,0.25749,0.63667,337,344
51,41,0.11726,0.11726,0.80908,0.05694,0.27468,283,290
51,42,0.11175,0.11175,0.80322,0.23923,0.38715,289,296
51,43,0.11522,0.11522,0.80176,0.16577,0.31340,306,313
51,44,0.11272,0.11272,0.79883,0.06283,0.33056,308,315
52,0,0.10217,0.10217,0.81787,0.06059,0.26279,311,1122
52,1,0.11241,0.11241,0.81348,0.11379,0.48584,301,308
52,2,0.09397,0.09397,0.80908,0.05952,0.28815,303,310
52,3,0.09688,0.09688,0.81494,0.09080,0.40149,280,287
52,4,0.10479,0.10479,0.80029,0.07035,0.27747,291,298
52,5,0.10537,0.10537,0.80811,0.14002,0.29661,284,291
52,6,0.11334,0.11334,0.82373,0.07870,0.18576,306,313
52,7,0.11667,0.11667,0.82373,0.06073,0.24345,287,294
52,8,0.10385,0.10385,0.82178,0.17691,0.32929,326,333
52,9,0.10000,0.10000,0.81201,0.23761,0.28674,306,313
52,10,0.11439,0.11439,0.79688,0.03419,0.19706,295,302
52,11,0.14604,0.14604,0.84033,0.12458,0.17163,322,329
52,12,0.12033,0.12033,0.81250,0.59627,0.51865,301,308
52,13,0.10954,0.10954,0.83154,0.19537,0.33089,309,316
52,14,0.09573,0.09573,0.83252,0.07595,0.24819,326,333
52,15,0.10716,0.10716,0.82617,0.09620,0.33509,295,302
52,16,0.10887,0.10887,0.81250,0.14439,0.45430,285,292
52,17,0.13472,0.13472,0.80420,0.25210,0.46989,296,303
52,18,0.10744,0.10744,0.80176,0.08216,0.29181,315,322
52,19,0.11018,0.11018,0.80469,0.09186,0.44552,297,304
52,20,0.11769,0.11769,0.77295,0.11885,0.54048,294,301
52,21,0.10346,0.10346,0.79932,0.07564,0.30095,300,307
52,22,0.10674,0.10674,0.78613,0.09075,0.39980,288,295
52,23,0.10684,0.10684,0.81152,0.06174,0.21792,291,298
52,24,0.09794,0.09794,0.79980,0.07175,0.37384,308,315
52,25,0.11876,0.11876,0.82471,0.06633,0.37569,280,287
52,26,0.10304,0.10304,0.77441,0.04344,0.24065,291,298
52,27,0.10157,0.10157,0.80322,0.06819,0.28797,311,318
52,28,0.10629,0.10629,0.80371,0.10210,0.39388,292,299
52,29,0.11575,0.11575,0.79541,0.04031,0.22133,315,321
52,30,0.11599,0.11599,0.80908,0.14221,0.35616,261,268
52,31,0.09903,0.09903,0.79688,0.12120,0.20070,288,295
52,32,0.11014,0.11014,0.80713,0.05934,0.26693,285,291
52,33,0.12154,0.12154,0.79102,0.03458,0.19172,294,301
52,34,0.10939,0.10939,0.79248,0.07391,0.33548,294,301
52,35,0.10875,0.10875,0.82227,0.28628,0.37888,294,300
52,36,0.10740,0.10740,0.80908,0.06936,0.32668,312,318
52,37,0.10654,0.10654,0.79199,0.10484,0.40261,271,278
52,38,0.13096,0.13096,0.80029,0.15704,0.33853,309,316
52,39,0.11219,0.11219,0.80811,0.11620,0.27582,306,313
52,40,0.11343,0.11343,0.82910,0.11263,0.29641,309,316
52,41,0.12206,0.12206,0.82471,0.19774,0.41072,288,295
52,42,0.13826,0.13826,0.83496,0.07024,0.34741,284,291
52,43,0.14392,0.14392,0.83398,0.17946,0.58648,274,281
52,44,0.10830,0.10830,0.80811,0.24089,0.42568,318,325
53,0,0.11752,0.11752,0.80273,0.34356,0.59084,301,1141
53,1,0.12626,0.12626,0.81934,0.13436,0.32767,333,343
53,2,0.11225,0.11225,0.80225,0.06396,0.23887,306,313
53,3,0.13988,0.13988,0.79932,0.12234,0.47874,301,308
53,4,0.11497,0.11497,0.78760,0.16211,0.55866,285,292
53,5,0.13947,0.13947,0.82568,0.33539,0.69612,274,281
53,6,0.11410,0.11410,0.79346,0.05329,0.19224,311,318
53,7,0.09364,0.09364,0.81348,0.13326,0.24153,296,303
53,8,0.11472,0.11472,0.82812,0.32472,0.41963,312,319
53,9,0.12568,0.12568,0.82031,0.36310,0.60337,271,277
53,10,0.12413,0.12413,0.79980,0.08118,0.38662,299,306
53,11,0.11066,0.11066,0.81396,0.02741,0.18668,307,314
53,12,0.12115,0.12115,0.81592,0.22742,0.56340,279,286
53,13,0.11835,0.11835,0.81006,0.12459,0.24748,312,320
53,14,0.12857,0.12857,0.82910,0.17443,0.36372,311,318
53,15,0.11226,0.11226,0.79590,0.10949,0.39335,288,295
53,16,0.12587,0.12587,0.82666,0.14184,0.22886,285,292
53,17,0.10380,0.10380,0.82275,0.05452,0.25603,280,287
53,18,0.14513,0.14513,0.81348,0.20803,0.58239,262,269
53,19,0.12291,0.12291,0.80908,0.30075,0.70700,315,322
53,20,0.10278,0.10278,0.81250,0.10410,0.42568,278,285
53,21,0.12542,0.12542,0.83057,0.21444,0.31101,321,328
53,22,0.11961,0.11961,0.80322,0.10857,0.32812,312,319
53,23,0.11709,0.11709,0.81738,0.25515,0.39836,287,294
53,24,0.08423,0.08423,0.80615,0.06986,0.29839,336,343
53,25,0.12846,0.12846,0.81738,0.15197,0.32812,292,299
53,26,0.12443,0.12443,0.77930,0.11905,0.46928,312,319
53,27,0.13161,0.13161,0.82178,0.11897,0.20843,296,303
53,28,0.13181,0.13181,0.82129,0.48840,0.70639,269,276
53,29,0.11758,0.11758,0.82227,0.24284,0.36076,324,331
53,30,0.10687,0.10687,0.80566,0.17786,0.54520,312,319
53,31,0.10765,0.10765,0.80713,0.05496,0.28189,320,327
53,32,0.11037,0.11037,0.80029,0.07139,0.34327,294,301
53,33,0.11221,0.11221,0.79541,0.11906,0.47919,308,315
53,34,0.11818,0.11818,0.81445,0.16892,0.43841,291,298
53,35,0.11438,0.11438,0.81592,0.10174,0.38717,306,313
53,36,0.11500,0.11500,0.81055,0.03340,0.19541,281,288
53,37,0.11100,0.11100,0.79004,0.08588,0.26748,308,315
53,38,0.11331,0.11331,0.80615,0.26884,0.28741,292,299
53,39,0.11586,0.11586,0.80518,0.12423,0.55065,299,306
53,40,0.11489,0.11489,0.81494,0.14189,0.31933,290,296
53,41,0.09629,0.09629,0.79785,0.06289,0.36568,324,331
53,42,0.11655,0.11655,0.78271,0.03560,0.32350,309,316
53,43,0.10041,0.10041,0.80029,0.11574,0.37863,318,325
53,44,0.09458,0.09458,0.80664,0.06149,0.24820,301,308
54,0,0.11350,0.11350,0.82471,0.05456,0.27938,313,1291
54,1,0.10944,0.10944,0.82764,0.16544,0.31333,289,296
54,2,0.12982,0.12982,0.80957,0.04986,0.25838,307,314
54,3,0.12556,0.12556,0.81934,0.07763,0.35465,287,294
54,4,0.09810,0.09810,0.82520,0.25572,0.42905,310,317
54,5,0.11548,0.11548,0.81836,0.06879,0.24747,281,287
54,6,0.11763,0.11763,0.80371,0.08406,0.30119,298,304
54,7,0.12060,0.12060,0.80469,0.05196,0.26720,338,346
54,8,0.12908,0.12908,0.81836,0.12121,0.33709,306,313
54,9,0.11245,0.11245,0.80566,0.21673,0.41882,309,316
54,10,0.12212,0.12212,0.81250,0.11831,0.31414,280,288
54,11,0.09706,0.09706,0.80615,0.13800,0.49567,321,328
54,12,0.10330,0.10330,0.81152,0.10759,0.41921,306,313
54,13,0.11492,0.11492,0.80078,0.03652,0.24146,318,325
54,14,0.10196,0.10196,0.84033,0.16443,0.30009,308,315
54,15,0.12136,0.12136,0.82227,0.07774,0.23152,289,296
54,16,0.10583,0.10583,0.83447,0.05094,0.17299,319,326
54,17,0.10980,0.10980,0.82471,0.07088,0.37150,308,315
54,18,0.10054,0.10054,0.80908,0.12685,0.45846,278,285
54,19,0.10283,0.10283,0.79980,0.06447,0.24473,314,320
54,20,0.14098,0.14098,0.80078,0.05422,0.30653,298,305
54,21,0.09338,0.09338,0.80908,0.04700,0.25824,318,325
54,22,0.08860,0.08860,0.80273,0.11842,0.37947,305,312
54,23,0.13229,0.13229,0.79883,0.06810,0.30112,266,272
54,24,0.11597,0.11597,0.80518,0.13833,0.22808,318,325
54,25,0.10285,0.10285,0.82275,0.05894,0.29342,290,297
54,26,0.09393,0.09393,0.81885,0.10693,0.39705,322,329
54,27,0.11345,0.11345,0.79736,0.05046,0.25164,304,310
54,28,0.10348,0.10348,0.79785,0.05885,0.28251,308,315
54,29,0.10861,0.10861,0.81982,0.06726,0.29180,283,289
54,30,0.11801,0.11801,0.78271,0.05754,0.25138,287,294
54,31,0.10876,0.10876,0.83154,0.19313,0.26253,310,317
54,32,0.13104,0.13104,0.79785,0.19225,0.41069,283,289
54,33,0.09333,0.09333,0.78271,0.04554,0.28088,306,312
54,34,0.12019,0.12019,0.81885,0.10838,0.37896,297,304
54,35,0.09660,0.09660,0.79688,0.08664,0.27134,314,321
54,36,0.12069,0.12069,0.80859,0.09310,0.31317,312,319
54,37,0.11215,0.11215,0.79443,0.06371,0.35807,270,277
54,38,0.12204,0.12204,0.80566,0.07394,0.23876,329,335
54,39,0.11295,0.11295,0.79883,0.04861,0.24327,321,327
54,40,0.11001,0.11001,0.83936,0.07242,0.17906,269,276
54,41,0.11277,0.11277,0.79346,0.11695,0.31492,279,286
54,42,0.09995,0.09995,0.82227,0.10003,0.20691,312,319
54,43,0.11344,0.11344,0.83447,0.07908,0.27378,301,308
54,44,0.11793,0.11793,0.83203,0.11889,0.34257,299,306
55,0,0.11300,0.11300,0.81152,0.19854,0.50140,316,1213
55,1,0.11139,0.11139,0.83301,0.05873,0.19730,289,296
55,2,0.11642,0.11642,0.82666,0.04175,0.26461,286,293
55,3,0.11252,0.11252,0.83154,0.14076,0.26011,271,278
55,4,0.10366,0.10366,0.80811,0.07097,0.22057,312,319
55,5,0.09626,0.09626,0.80078,0.09218,0.22528,318,325
55,6,0.11447,0.11447,0.79980,0.27917,0.82998,302,309
55,7,0.12145,0.12145,0.81836,0.05692,0.29189,298,305
55,8,0.12733,0.12733,0.78809,0.05493,0.22168,301,308
55,9,0.10201,0.10201,0.80908,0.26725,0.41350,296,303
55,10,0.12746,0.12746,0.80469,0.48771,0.54254,294,301
55,11,0.09935,0.09935,0.82227,0.21649,0.46543,298,305
55,12,0.11330,0.11330,0.83398,0.17403,0.37779,297,304
55,13,0.09971,0.09971,0.78955,0.11763,0.37998,302,309
55,14,0.12336,0.12336,0.80029,0.12584,0.47616,298,305
55,15,0.11988,0.11988,0.81982,0.24915,0.69736,296,303
55,16,0.10485,0.10485,0.81738,0.13024,0.38362,290,297
55,17,0.12162,0.12162,0.81494,0.06784,0.36920,307,314
55,18,0.09487,0.09487,0.79980,0.04493,0.25412,296,304
55,19,0.10136,0.10136,0.79590,0.11217,0.47763,312,319
55,20,0.11274,0.11274,0.83936,0.08735,0.39994,298,305
55,21,0.13279,0.13279,0.81592,0.04389,0.32635,299,306
55,22,0.09611,0.09611,0.78564,0.06226,0.32278,276,283
55,23,0.10375,0.10375,0.81055,0.06942,0.25610,309,316
55,24,0.11824,0.11824,0.80859,0.04481,0.24988,283,290
55,25,0.10868,0.10868,0.81152,0.10085,0.32266,291,298
55,26,0.14439,0.14439,0.80811,0.07662,0.24112,300,307
55,27,0.09538,0.09538,0.81348,0.03615,0.19225,324,330
55,28,0.10942,0.10942,0.79150,0.13272,0.47612,294,301
55,29,0.11538,0.11538,0.81104,0.09429,0.26334,297,304
55,30,0.10566,0.10566,0.81738,0.07537,0.32235,277,284
55,31,0.10823,0.10823,0.82422,0.03836,0.23004,298,305
55,32,0.13542,0.13542,0.84082,0.04919,0.26086,306,313
55,33,0.08905,0.08905,0.83691,0.08298,0.34740,318,324
55,34,0.09535,0.09535,0.80859,0.10211,0.45830,310,317
55,35,0.12362,0.12362,0.81689,0.06075,0.23223,298,305
55,36,0.10129,0.10129,0.80029,0.10718,0.26774,296,303
55,37,0.10941,0.10941,0.83496,0.08459,0.40940,286,293
55,38,0.10574,0.10574,0.79443,0.12034,0.33404,293,300
55,39,0.13011,0.13011,0.80420,0.03463,0.25716,290,296
55,40,0.12407,0.12407,0.86230,0.04630,0.26642,312,319
55,41,0.10992,0.10992,0.78906,0.04986,0.26998,320,327
55,42,0.11026,0.11026,0.79004,0.24038,0.62369,305,312
55,43,0.11861,0.11861,0.83057,0.12173,0.38443,309,315
55,44,0.13030,0.13030,0.83057,0.10449,0.25049,282,289
56,0,0.10722,0.10722,0.80908,0.25388,0.51083,336,1214
56,1,0.09777,0.09777,0.85352,0.31621,0.48759,277,284
56,2,0.11254,0.11254,0.79932,0.11104,0.32588,311,318
56,3,0.11765,0.11765,0.82129,0.13306,0.29118,313,320
56,4,0.12368,0.12368,0.82959,0.04379,0.28023,323,329
56,5,0.10483,0.10483,0.78857,0.16434,0.38473,326,333
56,6,0.11156,0.11156,0.78125,0.22354,0.43513,283,289
56,7,0.12079,0.12079,0.79736,0.11958,0.27921,272,279
56,8,0.11263,0.11263,0.81641,0.21115,0.36465,300,307
56,9,0.09886,0.09886,0.80664,0.08802,0.25990,307,314
56,10,0.10424,0.10424,0.79834,0.12862,0.30733,299,306
56,11,0.09157,0.09157,0.81250,0.22468,0.37847,294,301
56,12,0.12612,0.12612,0.81055,0.35323,0.50984,292,299
56,13,0.12268,0.12268,0.80127,0.19438,0.28664,314,321
56,14,0.12219,0.12219,0.80811,0.10203,0.33676,333,340
56,15,0.10194,0.10194,0.80420,0.19262,0.42559,307,314
56,16,0.10722,0.10722,0.80713,0.17589,0.38743,282,289
56,17,0.10853,0.10853,0.79541,0.09077,0.39059,300,307
56,18,0.11333,0.11333,0.78760,0.11048,0.32420,282,289
56,19,0.10236,0.10236,0.79443,0.04078,0.22548,304,311
56,20,0.09470,0.09470,0.81787,0.04920,0.22758,283,291
56,21,0.09771,0.09771,0.80078,0.04442,0.31465,301,308
56,22,0.10794,0.10794,0.81152,0.15782,0.28004,295,302
56,23,0.12578,0.12578,0.81006,0.13349,0.20262,290,297
56,24,0.11002,0.11002,0.81055,0.08109,0.31446,312,319
56,25,0.11505,0.11505,0.81787,0.12408,0.48079,299,306
56,26,0.10173,0.10173,0.81250,0.12814,0.32589,287,294
56,27,0.10160,0.10160,0.81787,0.08264,0.26087,284,291
56,28,0.10835,0.10835,0.81104,0.03994,0.20922,290,297
56,29,0.11517,0.11517,0.81299,0.29144,0.66144,307,314
56,30,0.10857,0.10857,0.83154,0.14068,0.38528,291,298
56,31,0.10682,0.10682,0.82275,0.05746,0.32252,296,302
56,32,0.13361,0.13361,0.80859,0.10572,0.24772,306,313
56,33,0.11464,0.11464,0.81689,0.20941,0.40094,297,304
56,34,0.13308,0.13308,0.81152,0.05643,0.23214,278,285
56,35,0.12460,0.12460,0.81641,0.20139,0.43681,297,304
56,36,0.10082,0.10082,0.80615,0.17416,0.58644,311,318
56,37,0.12367,0.12367,0.83447,0.17153,0.36947,304,311
56,38,0.13528,0.13528,0.81934,0.11726,0.29099,307,314
56,39,0.11207,0.11207,0.81592,0.14832,0.50131,271,278
56,40,0.13042,0.13042,0.81689,0.07770,0.26279,272,279
56,41,0.10737,0.10737,0.79590,0.04379,0.22353,292,298
56,42,0.12150,0.12150,0.80029,0.08676,0.32072,307,314
56,43,0.11393,0.11393,0.81494,0.06682,0.23114,324,331
56,44,0.13571,0.13571,0.81836,0.07783,0.31667,293,300
57,0,0.11261,0.11261,0.81104,0.10657,0.42603,320,1131
57,1,0.11878,0.11878,0.79199,0.08244,0.24433,294,301
57,2,0.13279,0.13279,0.83838,0.06164,0.24062,298,305
57,3,0.12110,0.12110,0.82422,0.03078,0.22653,299,307
57,4,0.12350,0.12350,0.82812,0.04925,0.21636,307,314
57,5,0.10102,0.10102,0.80078,0.04722,0.20586,304,311
57,6,0.10533,0.10533,0.81885,0.08042,0.31098,314,321
57,7,0.11141,0.11141,0.79932,0.09142,0.24108,308,315
57,8,0.13051,0.13051,0.81836,0.06257,0.29749,302,309
57,9,0.11428,0.11428,0.82568,0.09809,0.31474,316,323
57,10,0.10102,0.10102,0.79834,0.05905,0.32183,293,301
57,11,0.11525,0.11525,0.80469,0.05360,0.17853,311,318
57,12,0.10718,0.10718,0.82764,0.33909,0.61235,301,308
57,13,0.11388,0.11388,0.80664,0.15128,0.65354,290,297
57,14,0.11226,0.11226,0.80078,0.06526,0.20654,300,307
57,15,0.10299,0.10299,0.81641,0.12907,0.25243,309,317
57,16,0.11444,0.11444,0.82227,0.05207,0.26377,273,280
57,17,0.13067,0.13067,0.83252,0.08028,0.37749,286,293
57,18,0.12015,0.12015,0.80273,0.08263,0.34929,303,310
57,19,0.13073,0.13073,0.83301,0.12063,0.40570,271,278
57,20,0.11543,0.11543,0.81494,0.19902,0.43060,304,311
57,21,0.10666,0.10666,0.83545,0.08809,0.30109,277,284
57,22,0.12073,0.12073,0.80322,0.06049,0.17312,292,298
57,23,0.11883,0.11883,0.80371,0.09968,0.45540,311,318
57,24,0.12501,0.12501,0.79785,0.10132,0.34083,288,295
57,25,0.11025,0.11025,0.79590,0.15956,0.78884,300,307
57,26,0.12323,0.12323,0.80469,0.06830,0.31512,298,305
57,27,0.11663,0.11663,0.82520,0.06540,0.36802,270,277
57,28,0.11034,0.11034,0.80371,0.17622,0.63737,300,307
57,29,0.12859,0.12859,0.81445,0.04846,0.23287,296,303
57,30,0.12391,0.12391,0.80811,0.09595,0.32077,286,292
57,31,0.12611,0.12611,0.78027,0.04578,0.22961,283,290
57,32,0.10101,0.10101,0.81006,0.08174,0.24597,300,307
57,33,0.10280,0.10280,0.80225,0.06723,0.31358,294,301
57,34,0.10835,0.10835,0.82764,0.07903,0.29551,303,310
57,35,0.11689,0.11689,0.83447,0.19502,0.33083,309,316
57,36,0.11222,0.11222,0.79639,0.06136,0.27977,305,312
57,37,0.12389,0.12389,0.82373,0.21852,0.32844,312,319
57,38,0.10940,0.10940,0.83594,0.04171,0.26488,295,302
57,39,0.10544,0.10544,0.84229,0.20601,0.31432,311,318
57,40,0.10342,0.10342,0.81348,0.10558,0.40173,318,325
57,41,0.10420,0.10420,0.79932,0.23340,0.49755,316,323
57,42,0.12864,0.12864,0.82471,0.13784,0.33001,308,315
57,43,0.10424,0.10424,0.82666,0.03994,0.22135,309,316
57,44,0.11070,0.11070,0.83887,0.10533,0.36564,289,296
58,0,0.13233,0.13233,0.82617,0.04753,0.29483,298,1343
58,1,0.11596,0.11596,0.81885,0.07434,0.30715,284,291
58,2,0.13134,0.13134,0.82666,0.10133,0.26482,309,316
58,3,0.09666,0.09666,0.80566,0.07812,0.24329,296,303
58,4,0.09655,0.09655,0.82422,0.06078,0.25007,313,320
58,5,0.09638,0.09638,0.78711,0.07592,0.29743,326,333
58,6,0.11679,0.11679,0.81641,0.14600,0.22466,322,329
58,7,0.11601,0.11601,0.80273,0.04804,0.27741,318,325
58,8,0.10571,0.10571,0.77490,0.05278,0.28439,294,301
58,9,0.12273,0.12273,0.81982,0.09508,0.23326,312,319
58,10,0.09337,0.09337,0.79541,0.05319,0.29460,311,318
58,11,0.11245,0.11245,0.81250,0.04111,0.23531,304,311
58,12,0.09307,0.09307,0.81836,0.13449,0.32001,295,302
58,13,0.12343,0.12343,0.83154,0.06887,0.24332,295,302
58,14,0.11030,0.11030,0.81104,0.09151,0.26947,304,311
58,15,0.12051,0.12051,0.82178,0.09484,0.22175,291,299
58,16,0.10935,0.10935,0.82275,0.04478,0.28652,304,311
58,17,0.09365,0.09365,0.82617,0.12296,0.30912,292,298
58,18,0.10771,0.10771,0.81543,0.06476,0.19696,299,306
58,19,0.11515,0.11515,0.82275,0.09545,0.28121,307,314
58,20,0.07627,0.07627,0.83057,0.04132,0.24888,285,292
58,21,0.11229,0.11229,0.79297,0.07126,0.21912,320,327
58,22,0.10784,0.10784,0.83594,0.20155,0.28317,299,306
58,23,0.10873,0.10873,0.83594,0.02628,0.21856,316,323
58,24,0.13182,0.13182,0.82520,0.13870,0.38825,303,310
58,25,0.11009,0.11009,0.80225,0.04008,0.17319,317,323
58,26,0.10534,0.10534,0.81641,0.23143,0.37462,313,320
58,27,0.09892,0.09892,0.82227,0.17945,0.35347,320,327
58,28,0.10803,0.10803,0.79883,0.12608,0.34907,306,313
58,29,0.11014,0.11014,0.79980,0.05344,0.17998,301,308
58,30,0.11514,0.11514,0.82666,0.07184,0.18085,280,287
58,31,0.11703,0.11703,0.83350,0.06947,0.34457,281,287
58,32,0.10777,0.10777,0.79932,0.06669,0.27237,290,297
58,33,0.09495,0.09495,0.79932,0.07855,0.24275,321,328
58,34,0.10566,0.10566,0.81885,0.15618,0.37241,326,333
58,35,0.12380,0.12380,0.80029,0.15340,0.29762,308,315
58,36,0.11195,0.11195,0.79980,0.04819,0.23687,305,311
58,37,0.10584,0.10584,0.81250,0.07040,0.19428,285,292
58,38,0.12766,0.12766,0.82764,0.22246,0.39090,304,311
58,39,0.10580,0.10580,0.82373,0.05285,0.25320,296,303
58,40,0.10110,0.10110,0.82568,0.10425,0.26813,286,293
58,41,0.09816,0.09816,0.80957,0.05910,0.30305,302,309
58,42,0.12174,0.12174,0.80322,0.03859,0.23212,316,323
58,43,0.13606,0.13606,0.82812,0.18929,0.50697,285,291
58,44,0.11473,0.11473,0.80713,0.10101,0.20641,286,293
59,0,0.13515,0.13515,0.80859,0.10559,0.38682,337,1072
59,1,0.11920,0.11920,0.82520,0.14490,0.58994,289,296
59,2,0.10949,0.10949,0.79980,0.09313,0.33207,283,290
59,3,0.11695,0.11695,0.80469,0.06777,0.27078,310,317
59,4,0.10847,0.10847,0.80615,0.22721,0.63653,294,302
59,5,0.10913,0.10913,0.81787,0.21822,0.32281,314,321
59,6,0.12042,0.12042,0.81494,0.17070,0.51098,275,282
59,7,0.09933,0.09933,0.80957,0.09152,0.45197,287,294
59,8,0.12413,0.12413,0.80859,0.23426,0.46723,293,300
59,9,0.10113,0.10113,0.79736,0.07793,0.29632,296,303
59,10,0.11917,0.11917,0.80566,0.04765,0.21116,297,304
59,11,0.13160,0.13160,0.81104,0.31940,0.65595,297,304
59,12,0.12806,0.12806,0.81299,0.13754,0.42371,334,341
59,13,0.12065,0.12065,0.84375,0.16222,0.34544,319,325
59,14,0.08204,0.08204,0.80029,0.08003,0.36539,328,335
59,15,0.11956,0.11956,0.84521,0.36114,0.47789,283,290
59,16,0.11086,0.11086,0.81934,0.18860,0.42641,282,289
59,17,0.09784,0.09784,0.85889,0.15048,0.39804,329,335
59,18,0.11655,0.11655,0.79248,0.11589,0.22834,296,303
59,19,0.10987,0.10987,0.79395,0.11660,0.23857,287,294
59,20,0.12572,0.12572,0.80811,0.07964,0.25301,314,321
59,21,0.12138,0.12138,0.83740,0.04167,0.25644,312,319
59,22,0.09871,0.09871,0.80762,0.25867,0.40379,290,297
59,23,0.10604,0.10604,0.81982,0.08284,0.36650,314,321
59,24,0.09499,0.09499,0.79980,0.14899,0.32573,296,302
59,25,0.10582,0.10582,0.81396,0.02926,0.22293,309,316
59,26,0.10427,0.10427,0.79248,0.04990,0.25425,319,326
59,27,0.12873,0.12873,0.81152,0.09937,0.32602,293,300
59,28,0.12492,0.12492,0.81201,0.04188,0.21827,297,304
59,29,0.11862,0.11862,0.79932,0.10218,0.26288,296,303
59,30,0.10360,0.10360,0.81592,0.07370,0.30983,273,280
59,31,0.11447,0.11447,0.81934,0.13667,0.22487,292,299
59,32,0.08466,0.08466,0.82373,0.03509,0.19619,319,325
59,33,0.12867,0.12867,0.80078,0.06486,0.39813,287,294
59,34,0.10234,0.10234,0.79883,0.07221,0.35868,305,312
59,35,0.10531,0.10531,0.79443,0.29375,0.62663,280,287
59,36,0.11677,0.11677,0.79492,0.06537,0.24371,312,319
59,37,0.10102,0.10102,0.83691,0.16198,0.42572,313,320
59,38,0.13804,0.13804,0.77490,0.12466,0.25674,286,293
59,39,0.11724,0.11724,0.81836,0.29085,0.32189,295,302
59,40,0.11313,0.11313,0.81982,0.06809,0.19202,294,301
59,41,0.11494,0.11494,0.80566,0.10401,0.23965,290,297
59,42,0.12665,0.12665,0.81738,0.14732,0.25451,310,317
59,43,0.11826,0.11826,0.80957,0.19654,0.34142,300,307
59,44,0.08309,0.08309,0.84131,0.14650,0.39863,287,294
60,0,0.11727,0.11727,0.81934,0.07677,0.17738,312,1318
60,1,0.11715,0.11715,0.83447,0.19255,0.45394,315,322
60,2,0.11390,0.11390,0.82568,0.10262,0.27144,308,315
60,3,0.09628,0.09628,0.83936,0.05406,0.22700,289,296
60,4,0.09904,0.09904,0.81982,0.07497,0.44666,319,326
60,5,0.09079,0.09079,0.82520,0.12555,0.23510,289,296
60,6,0.11426,0.11426,0.81348,0.03399,0.20663,297,304
60,7,0.10445,0.10445,0.81494,0.17245,0.30738,304,311
60,8,0.11392,0.11392,0.80420,0.06922,0.20564,285,292
60,9,0.10648,0.10648,0.81641,0.13551,0.31877,317,324
60,10,0.12543,0.12543,0.80859,0.04040,0.24402,272,279
60,11,0.10272,0.10272,0.79248,0.16390,0.41175,293,300
60,12,0.10732,0.10732,0.77734,0.03637,0.22597,296,303
60,13,0.12228,0.12228,0.76953,0.11180,0.51311,285,292
60,14,0.11588,0.11588,0.80420,0.07237,0.32712,288,295
60,15,0.11328,0.11328,0.80469,0.11427,0.21094,313,319
60,16,0.11710,0.11710,0.80957,0.04736,0.19848,286,293
60,17,0.11305,0.11305,0.79590,0.08441,0.21936,297,304
60,18,0.13672,0.13672,0.80664,0.06210,0.25014,313,320
60,19,0.10706,0.10706,0.81787,0.08557,0.22262,295,301
60,20,0.10435,0.10435,0.82422,0.13571,0.32569,290,297
60,21,0.07947,0.07947,0.79980,0.07084,0.21215,316,323
60,22,0.11368,0.11368,0.82227,0.06428,0.20646,322,329
60,23,0.09891,0.09891,0.82178,0.06455,0.23360,321,328
60,24,0.12242,0.12242,0.81934,0.07224,0.19902,318,325
60,25,0.10804,0.10804,0.81299,0.20511,0.28024,308,315
60,26,0.11030,0.11030,0.82373,0.06086,0.31073,276,283
60,27,0.09724,0.09724,0.77979,0.05478,0.20191,290,297
60,28,0.09461,0.09461,0.80176,0.17542,0.50634,326,334
60,29,0.09124,0.09124,0.80420,0.04139,0.22756,321,328
60,30,0.12005,0.12005,0.78760,0.05576,0.22777,325,332
60,31,0.10177,0.10177,0.81641,0.05108,0.24599,329,336
60,32,0.13739,0.13739,0.78613,0.09867,0.22936,289,296
60,33,0.10024,0.10024,0.81299,0.05269,0.24167,310,317
60,34,0.10654,0.10654,0.79395,0.08846,0.27088,305,312
60,35,0.12424,0.12424,0.81592,0.20389,0.27721,300,307
60,36,0.10855,0.10855,0.82178,0.32170,0.33692,328,334
60,37,0.10800,0.10800,0.82129,0.19642,0.24747,305,311
60,38,0.10889,0.10889,0.81885,0.03793,0.23839,287,293
60,39,0.10586,0.10586,0.85400,0.04648,0.22842,291,298
60,40,0.10095,0.10095,0.84619,0.36949,0.40858,300,306
60,41,0.12598,0.12598,0.80957,0.10420,0.24573,286,293
60,42,0.08470,0.08470,0.81689,0.15357,0.33854,313,320
60,43,0.10400,0.10400,0.81787,0.10097,0.24382,326,333
60,44,0.10267,0.10267,0.83740,0.03607,0.21144,309,316
61,0,0.11161,0.11161,0.82764,0.10100,0.24566,310,1250
61,1,0.10864,0.10864,0.82959,0.18815,0.39568,320,327
61,2,0.10033,0.10033,0.81152,0.07997,0.37815,299,306
61,3,0.10048,0.10048,0.80713,0.07956,0.27683,299,306
61,4,0.10421,0.10421,0.79346,0.05694,0.23674,309,316
61,5,0.10314,0.10314,0.80371,0.09708,0.36846,271,278
61,6,0.12457,0.12457,0.84521,0.24269,0.38077,295,301
61,7,0.12242,0.12242,0.81934,0.29772,0.48933,304,311
61,8,0.10229,0.10229,0.80762,0.07626,0.18225,328,335
61,9,0.10147,0.10147,0.82227,0.09976,0.29757,296,303
61,10,0.11752,0.11752,0.79053,0.09531,0.21480,322,329
61,11,0.10933,0.10933,0.80811,0.12307,0.49468,328,335
61,12,0.09415,0.09415,0.80176,0.06346,0.30305,283,289
61,13,0.10948,0.10948,0.79785,0.14920,0.32228,286,293
61,14,0.11904,0.11904,0.81396,0.10952,0.31410,304,311
61,15,0.13359,0.13359,0.81592,0.14993,0.24003,311,318
61,16,0.10414,0.10414,0.80957,0.05191,0.26919,315,322
61,17,0.12733,0.12733,0.84033,0.18549,0.32017,292,299
61,18,0.11193,0.11193,0.84619,0.13032,0.26417,307,314
61,19,0.10523,0.10523,0.82764,0.13683,0.28920,297,304
61,20,0.10895,0.10895,0.81201,0.11580,0.36857,292,299
61,21,0.10213,0.10213,0.81641,0.04683,0.22510,288,295
61,22,0.10127,0.10127,0.82471,0.07007,0.26914,294,301
61,23,0.09954,0.09954,0.80615,0.06318,0.20572,289,295
61,24,0.10611,0.10611,0.80762,0.08348,0.21618,300,307
61,25,0.11103,0.11103,0.79834,0.13153,0.50777,334,341
61,26,0.12946,0.12946,0.80615,0.12359,0.24341,262,270
61,27,0.10185,0.10185,0.84424,0.02603,0.18030,270,277
61,28,0.11685,0.11685,0.80566,0.05830,0.25512,301,308
61,29,0.10821,0.10821,0.82471,0.23730,0.43985,301,308
61,30,0.12118,0.12118,0.82275,0.20888,0.32651,308,315
61,31,0.11536,0.11536,0.81592,0.04758,0.21191,280,287
61,32,0.12037,0.12037,0.79346,0.15213,0.31613,332,339
61,33,0.11959,0.11959,0.81055,0.06046,0.27625,293,300
61,34,0.11707,0.11707,0.79395,0.05989,0.29370,290,296
61,35,0.11582,0.11582,0.80371,0.13678,0.42236,276,283
61,36,0.13204,0.13204,0.81689,0.04953,0.20285,314,321
61,37,0.11817,0.11817,0.83057,0.12244,0.42394,293,300
61,38,0.10780,0.10780,0.83301,0.09076,0.17749,313,320
61,39,0.12189,0.12189,0.81201,0.08586,0.36151,312,319
61,40,0.08714,0.08714,0.80664,0.10627,0.33961,308,315
61,41,0.12692,0.12692,0.82764,0.07906,0.21341,302,308
61,42,0.10135,0.10135,0.80762,0.08084,0.21768,303,310
61,43,0.11187,0.11187,0.81201,0.08021,0.26253,309,315
61,44,0.09882,0.09882,0.81055,0.10671,0.34453,292,299
62,0,0.08342,0.08342,0.81641,0.12502,0.35273,294,1312
62,1,0.11667,0.11667,0.80615,0.08038,0.23324,286,293
62,2,0.09363,0.09363,0.79346,0.05940,0.24998,306,313
62,3,0.11265,0.11265,0.81494,0.40435,0.51897,289,296
62,4,0.10887,0.10887,0.82227,0.14188,0.37061,291,298
62,5,0.11660,0.11660,0.82520,0.06273,0.21056,274,281
62,6,0.11548,0.11548,0.81543,0.11873,0.26066,306,313
62,7,0.09284,0.09284,0.81885,0.06300,0.25681,308,315
62,8,0.10607,0.10607,0.82520,0.06972,0.25591,293,300
62,9,0.10335,0.10335,0.81201,0.13949,0.40990,292,299
62,10,0.09207,0.09207,0.79785,0.09130,0.31459,305,312
62,11,0.12954,0.12954,0.79590,0.15549,0.23644,292,300
62,12,0.11596,0.11596,0.80127,0.11163,0.40777,331,338
62,13,0.09802,0.09802,0.80762,0.06509,0.34355,281,288
62,14,0.12426,0.12426,0.82910,0.08639,0.25334,293,300
62,15,0.10663,0.10663,0.82129,0.18207,0.46202,313,319
62,16,0.10315,0.10315,0.77344,0.05889,0.30552,311,318
62,17,0.11387,0.11387,0.80322,0.07502,0.34657,319,325
62,18,0.08449,0.08449,0.79736,0.06612,0.26446,324,331
62,19,0.10842,0.10842,0.79590,0.13709,0.22380,310,317
62,20,0.09914,0.09914,0.79395,0.06180,0.23251,295,302
62,21,0.12019,0.12019,0.80127,0.12345,0.37429,296,303
62,22,0.10038,0.10038,0.79492,0.10686,0.34359,275,282
62,23,0.09260,0.09260,0.80762,0.07018,0.23299,287,294
62,24,0.11649,0.11649,0.82715,0.07155,0.22594,294,301
62,25,0.11421,0.11421,0.80420,0.21506,0.35567,292,299
62,26,0.11413,0.11413,0.81885,0.07333,0.29312,298,305
62,27,0.11264,0.11264,0.81250,0.26009,0.49604,297,304
62,28,0.09675,0.09675,0.82031,0.07027,0.26371,300,306
62,29,0.12035,0.12035,0.83252,0.07284,0.21800,300,307
62,30,0.11914,0.11914,0.82129,0.04829,0.19468,278,285
62,31,0.09999,0.09999,0.81738,0.07690,0.22393,280,287
62,32,0.12880,0.12880,0.83008,0.05637,0.23690,278,285
62,33,0.10889,0.10889,0.81104,0.06365,0.27904,301,308
62,34,0.09594,0.09594,0.79102,0.09396,0.34345,315,322
62,35,0.10642,0.10642,0.80078,0.03702,0.19101,291,297
62,36,0.10747,0.10747,0.80615,0.05028,0.22428,308,314
62,37,0.11544,0.11544,0.82617,0.15125,0.26001,303,309
62,38,0.12165,0.12165,0.82861,0.12835,0.43706,273,280
62,39,0.09712,0.09712,0.80566,0.20763,0.48348,287,294
62,40,0.11085,0.11085,0.80420,0.12575,0.35809,295,302
62,41,0.11835,0.11835,0.85107,0.24121,0.47221,279,286
62,42,0.10414,0.10414,0.82080,0.20304,0.47211,292,298
62,43,0.12424,0.12424,0.78174,0.22453,0.59740,297,304
62,44,0.10020,0.10020,0.81201,0.15742,0.41391,332,338
63,0,0.10221,0.10221,0.79248,0.16433,0.27331,315,1133
63,1,0.10331,0.10331,0.80273,0.04431,0.19309,312,319
63,2,0.12468,0.12468,0.79980,0.10994,0.36568,319,326
63,3,0.11374,0.11374,0.83594,0.14202,0.26861,299,306
63,4,0.11313,0.11313,0.81299,0.06658,0.24400,300,307
63,5,0.11006,0.11006,0.83691,0.08015,0.22906,295,302
63,6,0.12868,0.12868,0.80957,0.14974,0.30196,287,294
63,7,0.10091,0.10091,0.83203,0.08351,0.42057,291,298
63,8,0.10477,0.10477,0.82422,0.11308,0.32210,299,306
63,9,0.11336,0.11336,0.82422,0.21412,0.35386,291,297
63,10,0.10408,0.10408,0.81299,0.10982,0.25578,294,301
63,11,0.11516,0.11516,0.82666,0.11469,0.33054,298,305
63,12,0.10269,0.10269,0.82373,0.15408,0.28852,287,294
63,13,0.11121,0.11121,0.81738,0.37845,0.53658,299,306
63,14,0.12810,0.12810,0.82520,0.07721,0.19907,311,318
63,15,0.10174,0.10174,0.82471,0.18585,0.29792,294,301
63,16,0.10717,0.10717,0.81592,0.21641,0.48510,295,302
63,17,0.12518,0.12518,0.83691,0.25364,0.38152,301,308
63,18,0.11288,0.11288,0.83154,0.16552,0.22364,324,331
63,19,0.10448,0.10448,0.81348,0.11934,0.30681,312,318
63,20,0.11314,0.11314,0.80762,0.06568,0.22856,324,331
63,21,0.12139,0.12139,0.80762,0.23432,0.44593,308,315
63,22,0.09967,0.09967,0.80859,0.05008,0.16794,293,300
63,23,0.10804,0.10804,0.82178,0.23548,0.30934,321,328
63,24,0.09602,0.09602,0.82471,0.09157,0.39114,277,284
63,25,0.12348,0.12348,0.81543,0.03459,0.17462,290,297
63,26,0.10417,0.10417,0.80176,0.11603,0.38502,288,295
63,27,0.13325,0.13325,0.83545,0.08946,0.35943,289,296
63,28,0.09942,0.09942,0.81299,0.22849,0.48572,299,306
63,29,0.08909,0.08909,0.80469,0.09413,0.29353,312,319
63,30,0.11545,0.11545,0.80322,0.09412,0.35944,322,329
63,31,0.08815,0.08815,0.79688,0.07033,0.22209,271,278
63,32,0.09544,0.09544,0.83105,0.19263,0.41910,309,316
63,33,0.10450,0.10450,0.81885,0.23082,0.52957,322,328
63,34,0.10468,0.10468,0.79785,0.09724,0.44525,308,315
63,35,0.10254,0.10254,0.83643,0.08785,0.20612,289,296
63,36,0.11168,0.11168,0.80322,0.12726,0.24429,291,298
63,37,0.11690,0.11690,0.82178,0.09096,0.31573,271,278
63,38,0.11614,0.11614,0.83496,0.03257,0.18104,282,288
63,39,0.10455,0.10455,0.81836,0.18430,0.29911,298,305
63,40,0.09840,0.09840,0.80518,0.24892,0.61734,305,312
63,41,0.10910,0.10910,0.81885,0.05926,0.28724,278,285
63,42,0.10819,0.10819,0.82715,0.36290,0.41149,283,290
63,43,0.12465,0.12465,0.80029,0.07479,0.36342,279,286
63,44,0.10228,0.10228,0.78955,0.12504,0.26281,303,309
64,0,0.10834,0.10834,0.80908,0.05248,0.18959,326,1121
64,1,0.11357,0.11357,0.81348,0.15829,0.31806,319,326
64,2,0.11283,0.11283,0.81396,0.12803,0.36395,290,297
64,3,0.11959,0.11959,0.80029,0.08117,0.33538,304,312
64,4,0.12139,0.12139,0.79883,0.14308,0.25947,288,295
64,5,0.11830,0.11830,0.81152,0.13144,0.33757,285,292
64,6,0.13397,0.13397,0.80811,0.05834,0.28183,305,312
64,7,0.10290,0.10290,0.80078,0.14879,0.31810,290,297
64,8,0.11310,0.11310,0.80518,0.10608,0.53226,313,320
64,9,0.11610,0.11610,0.79834,0.10244,0.47244,290,297
64,10,0.10075,0.10075,0.82129,0.09541,0.28698,316,323
64,11,0.12143,0.12143,0.82227,0.06566,0.23704,329,336
64,12,0.12246,0.12246,0.82129,0.10712,0.28149,295,303
64,13,0.11127,0.11127,0.80518,0.17701,0.39699,313,320
64,14,0.11687,0.11687,0.78955,0.08249,0.42754,293,301
64,15,0.11817,0.11817,0.82373,0.10918,0.29542,301,309
64,16,0.09414,0.09414,0.81934,0.14276,0.29388,283,290
64,17,0.11689,0.11689,0.81348,0.19848,0.40105,300,307
64,18,0.11904,0.11904,0.80127,0.19404,0.34830,291,298
64,19,0.12307,0.12307,0.82178,0.04234,0.19181,318,325
64,20,0.10770,0.10770,0.81689,0.08329,0.28866,290,297
64,21,0.09054,0.09054,0.79590,0.14991,0.48770,303,310
64,22,0.08274,0.08274,0.81689,0.04240,0.24816,293,300
64,23,0.12390,0.12390,0.79297,0.05784,0.25050,294,302
64,24,0.10432,0.10432,0.82861,0.15007,0.28618,271,278
64,25,0.10911,0.10911,0.84375,0.09872,0.44418,315,323
64,26,0.10046,0.10046,0.80225,0.03908,0.19928,290,297
64,27,0.14478,0.14478,0.79883,0.08080,0.33979,286,293
64,28,0.10480,0.10480,0.82617,0.12412,0.45017,299,306
64,29,0.09676,0.09676,0.79785,0.05445,0.23901,327,333
64,30,0.11474,0.11474,0.80908,0.06343,0.25007,273,280
64,31,0.10933,0.10933,0.82080,0.15776,0.33234,303,310
64,32,0.10931,0.10931,0.79541,0.03409,0.22053,289,295
64,33,0.12071,0.12071,0.82861,0.04703,0.27743,290,297
64,34,0.10010,0.10010,0.81299,0.14799,0.35180,283,290
64,35,0.12452,0.12452,0.82910,0.06588,0.33737,301,308
64,36,0.11451,0.11451,0.80029,0.03922,0.18095,288,295
64,37,0.10021,0.10021,0.79590,0.08282,0.27810,315,322
64,38,0.12370,0.12370,0.79736,0.07518,0.20845,292,299
64,39,0.09133,0.09133,0.81836,0.04993,0.22586,283,290
64,40,0.12478,0.12478,0.81299,0.09143,0.24457,314,321
64,41,0.11057,0.11057,0.83057,0.11257,0.36055,293,300
64,42,0.11743,0.11743,0.81592,0.12138,0.35002,287,294
64,43,0.10885,0.10885,0.82959,0.10666,0.19367,314,321
64,44,0.11440,0.11440,0.80957,0.18294,0.39974,316,322
65,0,0.11731,0.11731,0.83887,0.09449,0.22699,285,1295
65,1,0.10650,0.10650,0.82520,0.09965,0.26064,316,323
65,2,0.11042,0.11042,0.82178,0.14854,0.25426,321,328
65,3,0.10141,0.10141,0.80029,0.06773,0.35121,311,318
65,4,0.10636,0.10636,0.82959,0.12808,0.38488,305,312
65,5,0.10121,0.10121,0.83496,0.08883,0.25777,311,318
65,6,0.12013,0.12013,0.81787,0.13595,0.34674,287,294
65,7,0.10944,0.10944,0.83643,0.13272,0.25894,311,318
65,8,0.10777,0.10777,0.78516,0.06388,0.24717,295,302
65,9,0.12214,0.12214,0.83447,0.15361,0.29953,293,300
65,10,0.11681,0.11681,0.80420,0.18744,0.40037,317,324
65,11,0.10872,0.10872,0.79883,0.10633,0.32255,309,316
65,12,0.10858,0.10858,0.82129,0.07161,0.26995,292,299
65,13,0.11221,0.11221,0.83496,0.13252,0.33676,311,318
65,14,0.12556,0.12556,0.78223,0.06996,0.25735,296,303
65,15,0.08762,0.08762,0.79932,0.06539,0.23788,287,294
65,16,0.10582,0.10582,0.82324,0.04842,0.19871,312,320
65,17,0.09554,0.09554,0.83447,0.09569,0.23929,275,283
65,18,0.11832,0.11832,0.81836,0.13412,0.28946,287,294
65,19,0.10890,0.10890,0.79932,0.06993,0.21236,330,337
65,20,0.10439,0.10439,0.81836,0.06006,0.17556,325,332
65,21,0.10273,0.10273,0.81348,0.03839,0.18261,294,301
65,22,0.11978,0.11978,0.79053,0.09338,0.21930,285,292
65,23,0.10198,0.10198,0.82812,0.33415,0.31312,287,294
65,24,0.12287,0.12287,0.78906,0.14990,0.36810,314,321
65,25,0.11317,0.11317,0.78174,0.24402,0.62044,305,312
65,26,0.12483,0.12483,0.79150,0.11459,0.20801,279,285
65,27,0.09217,0.09217,0.82422,0.20411,0.56499,317,324
65,28,0.12951,0.12951,0.79736,0.26570,0.54443,280,287
65,29,0.10051,0.10051,0.82861,0.05470,0.22798,283,290
65,30,0.13987,0.13987,0.82275,0.07405,0.32528,284,291
65,31,0.09524,0.09524,0.80176,0.06266,0.20386,289,296
65,32,0.13086,0.13086,0.82764,0.09592,0.26570,293,300
65,33,0.10684,0.10684,0.81689,0.33979,0.81186,327,334
65,34,0.10527,0.10527,0.80518,0.12423,0.43750,312,319
65,35,0.10210,0.10210,0.84131,0.06862,0.27141,264,271
65,36,0.11107,0.11107,0.80762,0.04633,0.17371,293,299
65,37,0.11946,0.11946,0.81152,0.04198,0.23750,286,292
65,38,0.11751,0.11751,0.85693,0.52035,0.58975,311,318
65,39,0.10410,0.10410,0.80957,0.24596,0.74015,279,285
65,40,0.11253,0.11253,0.81641,0.11383,0.46771,307,314
65,41,0.12274,0.12274,0.80566,0.07748,0.33174,291,298
65,42,0.13263,0.13263,0.82373,0.16857,0.32685,287,294
65,43,0.12112,0.12112,0.83398,0.43741,0.47777,295,302
65,44,0.12344,0.12344,0.80225,0.25635,0.47752,292,299
66,0,0.11931,0.11931,0.79932,0.13490,0.49325,333,1254
66,1,0.11689,0.11689,0.81592,0.08498,0.29868,308,315
66,2,0.12887,0.12887,0.81348,0.04894,0.25808,258,266
66,3,0.11215,0.11215,0.81885,0.05079,0.23995,296,303
66,4,0.09367,0.09367,0.80469,0.05879,0.28901,292,299
66,5,0.11236,0.11236,0.82031,0.20966,0.40622,305,313
66,6,0.10063,0.10063,0.82129,0.19335,0.32030,291,298
66,7,0.08215,0.08215,0.80762,0.02794,0.24217,331,338
66,8,0.11502,0.11502,0.82910,0.15823,0.28140,293,299
66,9,0.11249,0.11249,0.80762,0.06405,0.22608,312,319
66,10,0.11409,0.11409,0.80664,0.13137,0.35207,289,296
66,11,0.09503,0.09503,0.79150,0.09203,0.34025,327,334
66,12,0.12391,0.12391,0.81201,0.16537,0.45651,304,311
66,13,0.10086,0.10086,0.83398,0.06884,0.34073,271,278
66,14,0.11277,0.11277,0.79004,0.06381,0.33827,291,298
66,15,0.11613,0.11613,0.81982,0.05799,0.24171,291,298
66,16,0.09931,0.09931,0.80615,0.16651,0.46248,296,303
66,17,0.11494,0.11494,0.79053,0.09475,0.40838,317,324
66,18,0.11004,0.11004,0.83643,0.15596,0.33844,302,309
66,19,0.10224,0.10224,0.80127,0.09299,0.41000,325,332
66,20,0.10312,0.10312,0.82373,0.06170,0.29789,280,287
66,21,0.10633,0.10633,0.81055,0.11476,0.24450,271,278
66,22,0.10577,0.10577,0.82812,0.06441,0.28885,297,304
66,23,0.09691,0.09691,0.80664,0.24267,0.53270,289,296
66,24,0.12330,0.12330,0.81250,0.12626,0.38541,304,311
66,25,0.09616,0.09616,0.81689,0.09979,0.26842,313,320
66,26,0.10554,0.10554,0.84277,0.19844,0.49804,291,298
66,27,0.10834,0.10834,0.83057,0.19418,0.38806,284,291
66,28,0.11552,0.11552,0.81104,0.11201,0.27771,307,314
66,29,0.11138,0.11138,0.82568,0.10086,0.31833,279,285
66,30,0.11595,0.11595,0.80322,0.12437,0.30677,285,292
66,31,0.11066,0.11066,0.80127,0.13096,0.37876,309,315
66,32,0.10393,0.10393,0.81641,0.03784,0.28640,275,282
66,33,0.13234,0.13234,0.82471,0.37843,0.47433,297,304
66,34,0.13017,0.13017,0.80859,0.11007,0.34666,298,305
66,35,0.10174,0.10174,0.80908,0.08470,0.30704,289,296
66,36,0.12371,0.12371,0.79785,0.05829,0.33905,297,304
66,37,0.09950,0.09950,0.81445,0.07578,0.39650,308,315
66,38,0.08555,0.08555,0.80176,0.07002,0.30195,317,323
66,39,0.11676,0.11676,0.82471,0.07683,0.17882,303,310
66,40,0.10057,0.10057,0.82471,0.15361,0.36879,296,303
66,41,0.11194,0.11194,0.83643,0.03568,0.23387,284,291
66,42,0.10814,0.10814,0.84229,0.17220,0.35374,295,302
66,43,0.12660,0.12660,0.81250,0.04587,0.27846,291,298
66,44,0.11258,0.11258,0.80664,0.07269,0.33895,298,305
67,0,0.10730,0.10730,0.83008,0.22194,0.44868,338,1298
67,1,0.11928,0.11928,0.82812,0.08558,0.25421,275,286
67,2,0.10123,0.10123,0.81592,0.07562,0.24630,272,279
67,3,0.11572,0.11572,0.82275,0.10606,0.28064,283,290
67,4,0.10174,0.10174,0.84082,0.04090,0.23573,298,305
67,5,0.12995,0.12995,0.80273,0.29855,0.57482,325,332
67,6,0.11834,0.11834,0.79297,0.20014,0.56794,305,312
67,7,0.12010,0.12010,0.79834,0.13887,0.27249,307,314
67,8,0.09281,0.09281,0.80615,0.15956,0.42718,336,343
67,9,0.10889,0.10889,0.81152,0.07912,0.32393,305,312
67,10,0.10842,0.10842,0.80127,0.29049,0.40381,279,286
67,11,0.12177,0.12177,0.82910,0.21708,0.33203,279,286
67,12,0.10920,0.10920,0.81592,0.19086,0.44379,316,323
67,13,0.10173,0.10173,0.80273,0.19356,0.57659,286,293
67,14,0.11116,0.11116,0.84326,0.09300,0.41176,308,315
67,15,0.11925,0.11925,0.84229,0.38787,0.38606,292,299
67,16,0.11871,0.11871,0.81885,0.27580,0.37554,324,331
67,17,0.10902,0.10902,0.82910,0.08637,0.30723,278,285
67,18,0.10335,0.10335,0.83984,0.18840,0.36327,277,284
67,19,0.10960,0.10960,0.81689,0.11869,0.24529,304,311
67,20,0.11101,0.11101,0.82324,0.09016,0.24381,310,316
67,21,0.13184,0.13184,0.81494,0.19441,0.31655,272,279
67,22,0.10950,0.10950,0.83594,0.13694,0.28368,288,296
67,23,0.10729,0.10729,0.81641,0.16973,0.27223,284,292
67,24,0.11992,0.11992,0.83740,0.12289,0.31646,284,291
67,25,0.09094,0.09094,0.79883,0.25339,0.66405,307,314
67,26,0.11469,0.11469,0.82324,0.22960,0.34474,288,295
67,27,0.09679,0.09679,0.80469,0.17037,0.47580,298,305
67,28,0.09465,0.09465,0.80713,0.05145,0.33527,289,296
67,29,0.10040,0.10040,0.83545,0.08900,0.31931,307,314
67,30,0.11531,0.11531,0.80957,0.06183,0.31131,278,285
67,31,0.11149,0.11149,0.80811,0.07162,0.30274,315,322
67,32,0.09488,0.09488,0.79590,0.10529,0.25484,317,324
67,33,0.11361,0.11361,0.80664,0.05309,0.29172,301,308
67,34,0.09508,0.09508,0.82861,0.19450,0.53309,310,317
67,35,0.12281,0.12281,0.82031,0.13749,0.41892,333,339
67,36,0.11035,0.11035,0.82861,0.08618,0.26407,284,291
67,37,0.11721,0.11721,0.79932,0.14376,0.51364,299,306
67,38,0.08559,0.08559,0.80762,0.12873,0.36704,297,304
67,39,0.10127,0.10127,0.81689,0.16761,0.45143,271,278
67,40,0.10183,0.10183,0.79248,0.19146,0.62478,310,317
67,41,0.09652,0.09652,0.82227,0.20829,0.33828,287,294
67,42,0.12586,0.12586,0.80371,0.07028,0.23406,298,305
67,43,0.11503,0.11503,0.81982,0.09009,0.24021,309,316
67,44,0.09041,0.09041,0.82422,0.05081,0.20199,302,309
68,0,0.10630,0.10630,0.82129,0.07854,0.20788,323,1275
68,1,0.09332,0.09332,0.82861,0.23609,0.47966,274,281
68,2,0.10288,0.10288,0.85205,0.21114,0.49608,290,297
68,3,0.10662,0.10662,0.81299,0.10996,0.41742,308,315
68,4,0.10833,0.10833,0.80078,0.05949,0.26262,287,293
68,5,0.09909,0.09909,0.81006,0.09261,0.25762,280,286
68,6,0.10694,0.10694,0.80078,0.11306,0.34160,289,296
68,7,0.12220,0.12220,0.81445,0.05930,0.20139,311,318
68,8,0.10465,0.10465,0.83057,0.32000,0.63551,311,318
68,9,0.11441,0.11441,0.79639,0.14071,0.52333,313,320
68,10,0.10757,0.10757,0.81104,0.19179,0.26215,303,310
68,11,0.12412,0.12412,0.82471,0.09176,0.31900,315,322
68,12,0.11018,0.11018,0.83936,0.20472,0.45095,318,325
68,13,0.13144,0.13144,0.81885,0.14394,0.27924,298,305
68,14,0.12377,0.12377,0.82422,0.13614,0.30120,297,304
68,15,0.10943,0.10943,0.82324,0.35453,0.62110,281,288
68,16,0.10586,0.10586,0.82422,0.28522,0.52001,293,300
68,17,0.10462,0.10462,0.79688,0.07026,0.28752,290,296
68,18,0.11489,0.11489,0.83740,0.07343,0.23556,295,302
68,19,0.10699,0.10699,0.81689,0.34229,0.55466,284,290
68,20,0.12035,0.12035,0.81104,0.21595,0.55179,298,305
68,21,0.12067,0.12067,0.80176,0.17765,0.62532,272,279
68,22,0.10678,0.10678,0.79053,0.12485,0.47605,299,306
68,23,0.11908,0.11908,0.81592,0.09551,0.26923,313,320
68,24,0.11794,0.11794,0.80469,0.13255,0.36543,305,312
68,25,0.10517,0.10517,0.80664,0.10004,0.40611,310,317
68,26,0.11945,0.11945,0.80664,0.10839,0.39699,290,297
68,27,0.12025,0.12025,0.81494,0.07020,0.25802,274,281
68,28,0.10466,0.10466,0.80518,0.10002,0.40624,283,290
68,29,0.10231,0.10231,0.83838,0.07869,0.19759,290,296
68,30,0.09845,0.09845,0.80518,0.07814,0.22170,291,298
68,31,0.11195,0.11195,0.81982,0.03856,0.18522,300,307
68,32,0.09929,0.09929,0.82275,0.11884,0.22383,298,305
68,33,0.09691,0.09691,0.81982,0.06877,0.25549,293,300
68,34,0.09460,0.09460,0.76855,0.05343,0.21545,311,318
68,35,0.11974,0.11974,0.77539,0.05972,0.27145,313,320
68,36,0.10093,0.10093,0.81445,0.12870,0.34496,312,318
68,37,0.11415,0.11415,0.81787,0.18921,0.25003,307,314
68,38,0.09470,0.09470,0.81787,0.04626,0.25495,313,320
68,39,0.10604,0.10604,0.80615,0.29577,0.54947,315,323
68,40,0.09226,0.09226,0.83057,0.29786,0.35144,310,317
68,41,0.09723,0.09723,0.81543,0.09477,0.38214,295,302
68,42,0.10309,0.10309,0.80957,0.12822,0.24849,321,328
68,43,0.10315,0.10315,0.82764,0.10850,0.29606,318,325
68,44,0.10966,0.10966,0.81348,0.07041,0.17919,300,307
69,0,0.13996,0.13996,0.82275,0.06743,0.28305,330,1296
69,1,0.09910,0.09910,0.81592,0.11020,0.22497,318,325
69,2,0.10394,0.10394,0.83057,0.13748,0.26856,283,290
69,3,0.12669,0.12669,0.79053,0.05732,0.22338,291,298
69,4,0.10442,0.10442,0.82666,0.26107,0.39827,327,334
69,5,0.11389,0.11389,0.80957,0.05068,0.20958,307,314
69,6,0.12002,0.12002,0.83301,0.11279,0.21952,287,294
69,7,0.11711,0.11711,0.81445,0.10853,0.19886,300,307
69,8,0.10234,0.10234,0.80908,0.09994,0.42623,268,275
69,9,0.10814,0.10814,0.80615,0.12922,0.41276,299,306
69,10,0.13443,0.13443,0.79736,0.22143,0.47493,306,313
69,11,0.12891,0.12891,0.81348,0.05793,0.23172,276,283
69,12,0.11366,0.11366,0.83105,0.09079,0.32170,310,317
69,13,0.12256,0.12256,0.81494,0.11158,0.46048,290,297
69,14,0.11312,0.11312,0.81396,0.14815,0.33748,294,301
69,15,0.11138,0.11138,0.79980,0.08261,0.29102,305,312
69,16,0.11133,0.11133,0.82227,0.15990,0.31576,313,320
69,17,0.10232,0.10232,0.83203,0.05913,0.25972,318,325
69,18,0.11631,0.11631,0.81445,0.21498,0.34567,295,302
69,19,0.09652,0.09652,0.81299,0.08539,0.28314,289,296
69,20,0.10947,0.10947,0.80859,0.09261,0.28402,309,316
69,21,0.12146,0.12146,0.82715,0.20835,0.59373,279,286
69,22,0.11144,0.11144,0.80859,0.19847,0.35660,290,297
69,23,0.10450,0.10450,0.81055,0.03988,0.16654,297,304
69,24,0.09645,0.09645,0.83301,0.05037,0.28119,269,276
69,25,0.11366,0.11366,0.83936,0.14494,0.35602,305,312
69,26,0.10997,0.10997,0.81250,0.12048,0.28364,295,302
69,27,0.11319,0.11319,0.81592,0.08687,0.33375,330,337
69,28,0.11819,0.11819,0.81250,0.07766,0.31427,305,312
69,29,0.12002,0.12002,0.81787,0.06525,0.24451,276,282
69,30,0.11020,0.11020,0.82959,0.18990,0.57272,284,291
69,31,0.10139,0.10139,0.81836,0.24849,0.46509,309,316
69,32,0.09872,0.09872,0.81885,0.06513,0.26031,306,313
69,33,0.11142,0.11142,0.79248,0.10356,0.38048,298,305
69,34,0.10538,0.10538,0.80371,0.07696,0.26973,281,288
69,35,0.09914,0.09914,0.80225,0.09169,0.28294,303,310
69,36,0.11219,0.11219,0.78906,0.06757,0.24580,296,303
69,37,0.11258,0.11258,0.80518,0.20516,0.53545,312,319
69,38,0.09714,0.09714,0.83496,0.08245,0.26812,281,288
69,39,0.11148,0.11148,0.80713,0.05068,0.23515,305,312
69,40,0.11789,0.11789,0.81445,0.31768,0.46647,294,301
69,41,0.10950,0.10950,0.80273,0.05693,0.22535,297,304
69,42,0.10843,0.10843,0.82568,0.10139,0.22598,311,318
69,43,0.10913,0.10913,0.82422,0.19877,0.28984,327,333
69,44,0.10558,0.10558,0.82959,0.19255,0.37720,301,308
70,0,0.11119,0.11119,0.82031,0.27714,0.52376,309,1313
70,1,0.09447,0.09447,0.82520,0.15175,0.28212,295,302
70,2,0.11775,0.11775,0.79150,0.06638,0.34543,296,303
70,3,0.11593,0.11593,0.82080,0.07235,0.23345,292,299
70,4,0.11255,0.11255,0.81592,0.11252,0.41936,315,322
70,5,0.11964,0.11964,0.80322,0.12295,0.28977,291,298
70,6,0.12032,0.12032,0.80762,0.12493,0.29814,326,333
70,7,0.08573,0.08573,0.83252,0.06666,0.27095,302,309
70,8,0.11092,0.11092,0.82959,0.03696,0.18593,290,297
70,9,0.10990,0.10990,0.81934,0.08688,0.22839,304,311
70,10,0.08861,0.08861,0.82617,0.12940,0.25089,326,333
70,11,0.10452,0.10452,0.80859,0.17306,0.40847,290,297
70,12,0.12148,0.12148,0.80762,0.06569,0.29787,321,328
70,13,0.08833,0.08833,0.80908,0.03015,0.18706,284,291
70,14,0.11257,0.11257,0.80322,0.04406,0.20626,300,307
70,15,0.11593,0.11593,0.82373,0.13594,0.40071,308,314
70,16,0.08713,0.08713,0.80957,0.03843,0.24895,293,299
70,17,0.12021,0.12021,0.79980,0.06981,0.34341,301,308
70,18,0.10553,0.10553,0.82031,0.03313,0.14543,318,325
70,19,0.11071,0.11071,0.79736,0.04683,0.19455,277,284
70,20,0.08820,0.08820,0.82812,0.16099,0.29428,286,293
70,21,0.10993,0.10993,0.84814,0.04663,0.20470,292,299
70,22,0.10666,0.10666,0.78711,0.09367,0.25166,300,307
70,23,0.11682,0.11682,0.81396,0.24447,0.39122,279,286
70,24,0.12084,0.12084,0.80908,0.15399,0.53535,302,309
70,25,0.11792,0.11792,0.80322,0.12590,0.31352,275,282
70,26,0.10037,0.10037,0.83350,0.09632,0.42480,293,300
70,27,0.08898,0.08898,0.81543,0.03009,0.15973,302,309
70,28,0.10847,0.10847,0.78906,0.11713,0.31964,307,314
70,29,0.11111,0.11111,0.83936,0.22705,0.47403,318,324
70,30,0.11667,0.11667,0.80273,0.23804,0.61906,295,301
70,31,0.12048,0.12048,0.79932,0.11524,0.41749,330,337
70,32,0.11769,0.11769,0.81348,0.09378,0.26823,311,318
70,33,0.10167,0.10167,0.81836,0.04033,0.20483,286,292
70,34,0.12893,0.12893,0.81299,0.05623,0.18960,286,292
70,35,0.09818,0.09818,0.82910,0.21469,0.53659,265,272
70,36,0.10822,0.10822,0.80029,0.19651,0.45707,307,314
70,37,0.09369,0.09369,0.81299,0.14311,0.37515,305,312
70,38,0.12646,0.12646,0.81885,0.12033,0.38597,281,287
70,39,0.10781,0.10781,0.83838,0.14381,0.38301,288,295
70,40,0.11436,0.11436,0.85400,0.24575,0.30120,308,315
70,41,0.10748,0.10748,0.80566,0.10250,0.34969,310,317
70,42,0.10741,0.10741,0.79492,0.12437,0.29746,251,258
70,43,0.10443,0.10443,0.83789,0.18619,0.55073,306,312
70,44,0.10203,0.10203,0.80859,0.03752,0.19201,304,310
71,0,0.12058,0.12058,0.81299,0.02826,0.17226,333,1194
71,1,0.10786,0.10786,0.84473,0.09184,0.37317,293,301
71,2,0.09205,0.09205,0.83154,0.11271,0.22405,327,334
71,3,0.09542,0.09542,0.83936,0.05531,0.19261,309,316
71,4,0.11437,0.11437,0.81201,0.12585,0.28039,319,326
71,5,0.09198,0.09198,0.83643,0.23798,0.44408,297,304
71,6,0.09065,0.09065,0.83105,0.12287,0.19097,307,314
71,7,0.12869,0.12869,0.79639,0.13434,0.45671,308,314
71,8,0.10787,0.10787,0.79053,0.06013,0.16959,286,293
71,9,0.11380,0.11380,0.81738,0.17852,0.28903,304,311
71,10,0.09968,0.09968,0.80420,0.07687,0.26727,306,313
71,11,0.09546,0.09546,0.82910,0.13020,0.30183,314,321
71,12,0.10427,0.10427,0.80811,0.18628,0.27833,320,327
71,13,0.13734,0.13734,0.80518,0.08323,0.36138,298,305
71,14,0.09792,0.09792,0.79053,0.05084,0.25183,320,327
71,15,0.10535,0.10535,0.82080,0.06193,0.27573,298,306
71,16,0.11656,0.11656,0.81934,0.03105,0.17240,298,305
71,17,0.10731,0.10731,0.82031,0.15271,0.24873,307,314
71,18,0.12236,0.12236,0.82129,0.41812,0.48711,290,297
71,19,0.11383,0.11383,0.82080,0.08449,0.47400,305,312
71,20,0.11333,0.11333,0.81543,0.11929,0.46641,322,329
71,21,0.10909,0.10909,0.82227,0.16348,0.48552,311,318
71,22,0.10803,0.10803,0.83105,0.06663,0.28878,295,302
71,23,0.09625,0.09625,0.79883,0.03937,0.17655,328,334
71,24,0.09628,0.09628,0.81104,0.07170,0.30804,271,278
71,25,0.11692,0.11692,0.80615,0.30258,0.41519,326,333
71,26,0.11610,0.11610,0.81982,0.10484,0.26804,310,317
71,27,0.11412,0.11412,0.79199,0.06150,0.31077,314,321
71,28,0.11890,0.11890,0.80664,0.06066,0.20445,309,316
71,29,0.10088,0.10088,0.83447,0.23355,0.41797,309,316
71,30,0.10911,0.10911,0.79053,0.05013,0.32505,303,310
71,31,0.11981,0.11981,0.82080,0.09843,0.28943,302,309
71,32,0.11243,0.11243,0.81787,0.22702,0.52922,302,309
71,33,0.09862,0.09862,0.81250,0.19482,0.41073,298,305
71,34,0.10589,0.10589,0.80225,0.04315,0.23868,277,284
71,35,0.10864,0.10864,0.81055,0.07507,0.19249,289,296
71,36,0.10193,0.10193,0.79199,0.06303,0.24150,306,313
71,37,0.11473,0.11473,0.81494,0.09444,0.36472,282,289
71,38,0.10955,0.10955,0.80908,0.04997,0.25527,308,315
71,39,0.10970,0.10970,0.80664,0.10395,0.29077,327,333
71,40,0.10699,0.10699,0.82227,0.08371,0.21574,290,297
71,41,0.11072,0.11072,0.84326,0.06996,0.21003,284,291
71,42,0.10996,0.10996,0.81934,0.04554,0.19396,313,320
71,43,0.10133,0.10133,0.82861,0.08109,0.37274,309,316
71,44,0.09248,0.09248,0.82031,0.09151,0.27976,280,287
72,0,0.10554,0.10554,0.83594,0.07564,0.27915,321,1097
72,1,0.11030,0.11030,0.80762,0.13305,0.48888,300,307
72,2,0.09693,0.09693,0.81250,0.05023,0.26948,331,338
72,3,0.11461,0.11461,0.83887,0.05138,0.24753,300,307
72,4,0.11141,0.11141,0.82666,0.07949,0.27239,316,323
72,5,0.09559,0.09559,0.81445,0.05824,0.27636,293,299
72,6,0.09793,0.09793,0.82324,0.14397,0.23248,293,300
72,7,0.09726,0.09726,0.81836,0.20337,0.36176,326,333
72,8,0.11576,0.11576,0.84033,0.09551,0.25970,321,328
72,9,0.11418,0.11418,0.80518,0.07666,0.23520,319,326
72,10,0.11803,0.11803,0.81641,0.03885,0.21090,280,287
72,11,0.11549,0.11549,0.79639,0.06770,0.24906,275,282
72,12,0.11555,0.11555,0.81250,0.11633,0.34003,281,288
72,13,0.12043,0.12043,0.81250,0.12013,0.34364,301,307
72,14,0.10989,0.10989,0.78955,0.07254,0.22898,323,330
72,15,0.09689,0.09689,0.78662,0.10621,0.36449,300,307
72,16,0.12306,0.12306,0.81543,0.15712,0.39846,282,289
72,17,0.10056,0.10056,0.81104,0.11727,0.27605,304,311
72,18,0.10824,0.10824,0.80566,0.03129,0.16879,305,312
72,19,0.09111,0.09111,0.83105,0.07033,0.34693,293,301
72,20,0.10417,0.10417,0.82129,0.05155,0.17464,304,311
72,21,0.11820,0.11820,0.82959,0.15231,0.26594,303,309
72,22,0.10139,0.10139,0.82324,0.11334,0.27537,290,298
72,23,0.10955,0.10955,0.82520,0.06648,0.20264,297,304
72,24,0.12806,0.12806,0.79785,0.05730,0.25712,291,298
72,25,0.12005,0.12005,0.80615,0.05749,0.23790,287,294
72,26,0.09339,0.09339,0.83398,0.30662,0.49683,299,307
72,27,0.09632,0.09632,0.80859,0.05370,0.22229,300,307
72,28,0.09889,0.09889,0.82764,0.27830,0.41254,307,314
72,29,0.10622,0.10622,0.82373,0.17409,0.29746,303,310
72,30,0.10659,0.10659,0.82471,0.10188,0.23411,297,304
72,31,0.11677,0.11677,0.84033,0.11726,0.25001,295,302
72,32,0.12214,0.12214,0.80811,0.16862,0.30311,308,315
72,33,0.12407,0.12407,0.82422,0.06434,0.18410,322,328
72,34,0.10482,0.10482,0.82959,0.06589,0.20860,296,303
72,35,0.09038,0.09038,0.82861,0.13088,0.28580,294,301
72,36,0.11129,0.11129,0.80469,0.15635,0.18965,312,318
72,37,0.11118,0.11118,0.81787,0.09333,0.21776,294,301
72,38,0.11422,0.11422,0.77295,0.05661,0.18691,268,275
72,39,0.08640,0.08640,0.84424,0.05325,0.23751,296,303
72,40,0.08532,0.08532,0.82031,0.10459,0.26909,300,307
72,41,0.12948,0.12948,0.82129,0.05137,0.25626,303,310
72,42,0.10411,0.10411,0.81592,0.06536,0.20016,271,278
72,43,0.12299,0.12299,0.79834,0.17861,0.30728,298,305
72,44,0.10634,0.10634,0.83252,0.11817,0.28667,288,295
73,0,0.10224,0.10224,0.81641,0.11623,0.30192,335,1197
73,1,0.11655,0.11655,0.80664,0.06400,0.34820,324,331
73,2,0.11650,0.11650,0.84180,0.09225,0.25479,325,332
73,3,0.12341,0.12341,0.78418,0.04355,0.17014,308,315
73,4,0.10746,0.10746,0.81006,0.04868,0.22198,288,295
73,5,0.10849,0.10849,0.81494,0.14585,0.34879,307,314
73,6,0.10480,0.10480,0.79248,0.08172,0.26898,298,305
73,7,0.09082,0.09082,0.79297,0.08125,0.28855,293,300
73,8,0.12462,0.12462,0.77148,0.08195,0.26123,314,321
73,9,0.10432,0.10432,0.80176,0.08942,0.44223,304,311
73,10,0.10840,0.10840,0.80811,0.05336,0.24077,294,301
73,11,0.10401,0.10401,0.81689,0.05295,0.29060,284,291
73,12,0.10381,0.10381,0.79395,0.18988,0.24940,330,337
73,13,0.11058,0.11058,0.81689,0.10008,0.45803,322,329
73,14,0.10761,0.10761,0.82764,0.19354,0.32166,294,301
73,15,0.10424,0.10424,0.83496,0.19317,0.40045,275,282
73,16,0.09540,0.09540,0.81104,0.03360,0.16250,277,284
73,17,0.11868,0.11868,0.81396,0.05014,0.24460,300,307
73,18,0.11706,0.11706,0.81787,0.24130,0.52032,276,283
73,19,0.09462,0.09462,0.82959,0.03883,0.22520,284,291
73,20,0.08211,0.08211,0.79443,0.05869,0.18472,312,319
73,21,0.11406,0.11406,0.81494,0.03822,0.19483,304,311
73,22,0.11701,0.11701,0.82129,0.12697,0.36050,268,275
73,23,0.12623,0.12623,0.82275,0.05206,0.22781,319,326
73,24,0.11112,0.11112,0.77930,0.05180,0.17550,300,307
73,25,0.12199,0.12199,0.82471,0.15091,0.35196,297,304
73,26,0.12742,0.12742,0.82227,0.11402,0.26772,313,320
73,27,0.09968,0.09968,0.81348,0.04587,0.26686,323,330
73,28,0.09375,0.09375,0.84863,0.12393,0.22291,317,324
73,29,0.10470,0.10470,0.83594,0.05890,0.27821,277,283
73,30,0.10048,0.10048,0.82666,0.06854,0.23256,282,289
73,31,0.11517,0.11517,0.79443,0.04428,0.25010,285,292
73,32,0.11170,0.11170,0.83740,0.06209,0.30081,298,304
73,33,0.12071,0.12071,0.82471,0.06165,0.20738,285,292
73,34,0.10218,0.10218,0.81738,0.27349,0.45392,306,313
73,35,0.12967,0.12967,0.81445,0.18708,0.38440,299,306
73,36,0.09129,0.09129,0.81055,0.09709,0.32242,303,309
73,37,0.11265,0.11265,0.82910,0.07987,0.17368,293,300
73,38,0.12638,0.12638,0.82715,0.11785,0.42766,290,297
73,39,0.13244,0.13244,0.85254,0.22328,0.40894,289,296
73,40,0.09550,0.09550,0.82666,0.15957,0.24786,317,324
73,41,0.09199,0.09199,0.82129,0.09652,0.27997,289,296
73,42,0.10481,0.10481,0.80957,0.05834,0.25148,287,294
73,43,0.11699,0.11699,0.81592,0.08475,0.16935,304,311
73,44,0.10375,0.10375,0.84668,0.07960,0.22355,300,306
74,0,0.11142,0.11142,0.82080,0.05496,0.27675,382,1236
74,1,0.10324,0.10324,0.82666,0.07010,0.22795,321,328
74,2,0.11175,0.11175,0.80762,0.10253,0.34237,293,300
74,3,0.10762,0.10762,0.81104,0.31406,0.51702,305,312
74,4,0.11907,0.11907,0.82715,0.17344,0.34140,311,318
74,5,0.09701,0.09701,0.79541,0.17252,0.39226,298,305
74,6,0.08997,0.08997,0.84619,0.16351,0.33476,317,324
74,7,0.09742,0.09742,0.84668,0.09897,0.24894,284,291
74,8,0.08342,0.08342,0.81152,0.16665,0.32158,320,327
74,9,0.10582,0.10582,0.81299,0.15281,0.57578,317,324
74,10,0.11994,0.11994,0.79980,0.24637,0.69394,282,289
74,11,0.10009,0.10009,0.80957,0.04209,0.21236,284,291
74,12,0.09347,0.09347,0.82324,0.05593,0.28000,329,336
74,13,0.11537,0.11537,0.79883,0.26951,0.23481,308,315
74,14,0.10237,0.10237,0.80469,0.26494,0.42955,288,295
74,15,0.11026,0.11026,0.82178,0.17254,0.34727,282,289
74,16,0.11977,0.11977,0.82617,0.10078,0.26916,318,325
74,17,0.10293,0.10293,0.80371,0.18030,0.51327,305,312
74,18,0.10214,0.10214,0.82666,0.15292,0.40170,304,311
74,19,0.11398,0.11398,0.83838,0.05936,0.26228,314,321
74,20,0.11110,0.11110,0.80176,0.04174,0.18619,300,307
74,21,0.11157,0.11157,0.81885,0.04419,0.24305,294,301
74,22,0.10002,0.10002,0.81006,0.06446,0.22397,277,284
74,23,0.09862,0.09862,0.81982,0.15060,0.21790,308,315
74,24,0.11040,0.11040,0.83545,0.04385,0.23659,317,324
74,25,0.11590,0.11590,0.81934,0.14832,0.37088,298,305
74,26,0.09245,0.09245,0.80566,0.15412,0.40061,302,309
74,27,0.11295,0.11295,0.80859,0.06176,0.15972,311,318
74,28,0.11619,0.11619,0.81104,0.06763,0.21905,300,307
74,29,0.10364,0.10364,0.79785,0.19061,0.33438,298,304
74,30,0.09344,0.09344,0.81250,0.07509,0.33438,275,282
74,31,0.11435,0.11435,0.81348,0.27127,0.40277,294,300
74,32,0.11800,0.11800,0.81104,0.07879,0.18907,296,302
74,33,0.10822,0.10822,0.78467,0.07263,0.19294,304,310
74,34,0.10009,0.10009,0.81396,0.12029,0.27694,277,284
74,35,0.11846,0.11846,0.79297,0.08729,0.21865,309,315
74,36,0.10179,0.10179,0.82275,0.11525,0.22761,287,294
74,37,0.10509,0.10509,0.79639,0.10529,0.20674,305,312
74,38,0.11299,0.11299,0.81201,0.05653,0.24369,282,289
74,39,0.09819,0.09819,0.80762,0.06695,0.23307,269,276
74,40,0.09976,0.09976,0.82471,0.06179,0.20582,310,317
74,41,0.09211,0.09211,0.83301,0.21038,0.29653,296,303
74,42,0.12762,0.12762,0.82520,0.18134,0.29966,275,282
74,43,0.11835,0.11835,0.81396,0.21030,0.38522,293,300
74,44,0.11640,0.11640,0.82275,0.05821,0.20126,293,300
75,0,0.13870,0.13870,0.81250,0.12077,0.52238,338,1131
75,1,0.09830,0.09830,0.81348,0.05658,0.26972,302,309
75,2,0.11508,0.11508,0.82080,0.25493,0.30666,271,278
75,3,0.09137,0.09137,0.80957,0.10262,0.31496,298,305
75,4,0.10641,0.10641,0.82227,0.13039,0.21612,302,309
75,5,0.11707,0.11707,0.80078,0.14166,0.39983,299,305
75,6,0.11396,0.11396,0.79980,0.10489,0.28564,270,277
75,7,0.09663,0.09663,0.81543,0.08315,0.22815,313,320
75,8,0.09743,0.09743,0.82715,0.07691,0.32850,305,312
75,9,0.10672,0.10672,0.80908,0.05406,0.28458,320,327
75,10,0.11706,0.11706,0.82080,0.13747,0.40022,299,306
75,11,0.09889,0.09889,0.79932,0.09109,0.23420,301,308
75,12,0.10552,0.10552,0.80371,0.07257,0.25587,325,332
75,13,0.10892,0.10892,0.80811,0.09500,0.35977,290,297
75,14,0.11315,0.11315,0.83545,0.11601,0.21748,294,300
75,15,0.09635,0.09635,0.82715,0.13055,0.25026,274,281
75,16,0.11595,0.11595,0.81738,0.22200,0.30857,306,313
75,17,0.11385,0.11385,0.83496,0.06058,0.15593,293,300
75,18,0.09997,0.09997,0.82666,0.15253,0.23744,257,264
75,19,0.11116,0.11116,0.80273,0.12074,0.29693,305,312
75,20,0.10669,0.10669,0.83008,0.03444,0.20909,320,327
75,21,0.12968,0.12968,0.83643,0.12567,0.33388,282,288
75,22,0.10776,0.10776,0.82227,0.06365,0.35860,288,295
75,23,0.10757,0.10757,0.79688,0.07174,0.30998,303,311
75,24,0.12899,0.12899,0.82080,0.18510,0.32639,298,305
75,25,0.07728,0.07728,0.83252,0.11524,0.25413,291,298
75,26,0.13511,0.13511,0.80469,0.08960,0.25499,289,297
75,27,0.11076,0.11076,0.81787,0.05321,0.23339,306,312
75,28,0.12039,0.12039,0.81934,0.03672,0.16673,291,298
75,29,0.10862,0.10862,0.82861,0.27391,0.36255,304,311
75,30,0.11897,0.11897,0.79980,0.21338,0.38850,280,287
75,31,0.11116,0.11116,0.81543,0.14208,0.33381,300,307
75,32,0.10023,0.10023,0.82471,0.13059,0.30256,309,315
75,33,0.11196,0.11196,0.83105,0.09615,0.28414,309,316
75,34,0.12435,0.12435,0.82227,0.14038,0.28767,293,300
75,35,0.09992,0.09992,0.82715,0.05493,0.20559,284,290
75,36,0.10944,0.10944,0.78809,0.09263,0.28219,280,287
75,37,0.10667,0.10667,0.79834,0.06896,0.21927,303,309
75,38,0.11032,0.11032,0.81592,0.15555,0.26312,328,335
75,39,0.11590,0.11590,0.80762,0.16283,0.31550,298,305
75,40,0.11634,0.11634,0.81689,0.09398,0.29698,311,318
75,41,0.09248,0.09248,0.82178,0.05825,0.19282,274,281
75,42,0.12081,0.12081,0.81934,0.14655,0.33248,255,262
75,43,0.11975,0.11975,0.81738,0.07194,0.30488,289,296
75,44,0.12275,0.12275,0.82227,0.06793,0.29947,285,291
76,0,0.08657,0.08657,0.84424,0.09054,0.23830,322,1263
76,1,0.10605,0.10605,0.83154,0.16491,0.27990,335,342
76,2,0.11826,0.11826,0.84131,0.07897,0.24424,303,310
76,3,0.10850,0.10850,0.79883,0.11129,0.31075,285,292
76,4,0.11155,0.11155,0.83057,0.04053,0.21683,308,315
76,5,0.10519,0.10519,0.81250,0.07184,0.27532,294,301
76,6,0.09189,0.09189,0.80811,0.04491,0.16665,272,279
76,7,0.10513,0.10513,0.79932,0.07787,0.20775,339,346
76,8,0.12467,0.12467,0.81152,0.07132,0.23125,313,321
76,9,0.10352,0.10352,0.83447,0.12181,0.26917,288,295
76,10,0.09727,0.09727,0.79883,0.05873,0.24760,316,323
76,11,0.12858,0.12858,0.81396,0.07493,0.18318,300,307
76,12,0.11932,0.11932,0.81689,0.11594,0.40391,305,312
76,13,0.09469,0.09469,0.81494,0.03327,0.17113,287,295
76,14,0.11669,0.11669,0.81250,0.07501,0.23399,304,311
76,15,0.12105,0.12105,0.81250,0.10979,0.37444,300,307
76,16,0.09455,0.09455,0.83691,0.06512,0.18994,309,316
76,17,0.09453,0.09453,0.81885,0.03473,0.17782,284,291
76,18,0.10143,0.10143,0.81494,0.04271,0.22395,284,290
76,19,0.11474,0.11474,0.79785,0.05911,0.20921,289,296
76,20,0.10583,0.10583,0.82959,0.19346,0.28004,297,304
76,21,0.11329,0.11329,0.83936,0.05928,0.30183,286,293
76,22,0.09693,0.09693,0.79102,0.16346,0.34160,336,343
76,23,0.08606,0.08606,0.81885,0.13475,0.24248,268,275
76,24,0.12118,0.12118,0.79883,0.05693,0.22754,280,287
76,25,0.09451,0.09451,0.81592,0.19517,0.41506,314,321
76,26,0.10636,0.10636,0.82129,0.04079,0.18964,284,291
76,27,0.12500,0.12500,0.79932,0.05230,0.26347,306,313
76,28,0.12932,0.12932,0.79004,0.11044,0.33429,287,294
76,29,0.10816,0.10816,0.81152,0.10578,0.28215,297,304
76,30,0.10967,0.10967,0.79492,0.12488,0.34555,290,297
76,31,0.08319,0.08319,0.82861,0.20811,0.55281,296,303
76,32,0.11519,0.11519,0.77979,0.06272,0.27625,319,326
76,33,0.10441,0.10441,0.80322,0.19176,0.34658,304,311
76,34,0.09419,0.09419,0.79443,0.17066,0.32749,298,305
76,35,0.10847,0.10847,0.79736,0.10133,0.26842,308,315
76,36,0.11256,0.11256,0.81982,0.32026,0.69652,315,322
76,37,0.12719,0.12719,0.84570,0.06145,0.37376,273,280
76,38,0.11367,0.11367,0.82080,0.35853,0.74527,295,302
76,39,0.11219,0.11219,0.84229,0.05295,0.23560,261,267
76,40,0.11284,0.11284,0.83838,0.09269,0.24803,319,325
76,41,0.10712,0.10712,0.82129,0.23160,0.25349,294,301
76,42,0.10813,0.10813,0.84277,0.07680,0.19948,287,293
76,43,0.10698,0.10698,0.83691,0.30638,0.49689,279,286
76,44,0.11740,0.11740,0.80469,0.03424,0.18495,292,299
77,0,0.13493,0.13493,0.81885,0.11733,0.54987,312,1230
77,1,0.10384,0.10384,0.82812,0.19740,0.55462,283,290
77,2,0.11012,0.11012,0.79736,0.10405,0.51682,318,325
77,3,0.08930,0.08930,0.80225,0.04791,0.21422,289,296
77,4,0.10371,0.10371,0.81152,0.05122,0.24307,287,294
77,5,0.10750,0.10750,0.83105,0.05391,0.22444,333,340
77,6,0.13110,0.13110,0.80518,0.17343,0.66406,304,311
77,7,0.11572,0.11572,0.81836,0.06563,0.30828,295,302
77,8,0.10358,0.10358,0.81787,0.09754,0.43747,319,326
77,9,0.11540,0.11540,0.82764,0.09002,0.23065,308,315
77,10,0.10502,0.10502,0.81738,0.07449,0.33205,318,325
77,11,0.09856,0.09856,0.82568,0.05011,0.20334,304,311
77,12,0.09809,0.09809,0.81299,0.04436,0.21988,313,320
77,13,0.09956,0.09956,0.82080,0.06272,0.24608,299,305
77,14,0.09848,0.09848,0.84424,0.04930,0.25107,317,324
77,15,0.10602,0.10602,0.82031,0.11910,0.32997,310,317
77,16,0.10240,0.10240,0.82471,0.24278,0.31708,305,312
77,17,0.11884,0.11884,0.81738,0.24054,0.38214,271,278
77,18,0.12283,0.12283,0.81250,0.07197,0.31158,297,304
77,19,0.11286,0.11286,0.80127,0.07839,0.36778,312,319
77,20,0.11196,0.11196,0.81934,0.10825,0.24870,291,298
77,21,0.09776,0.09776,0.81445,0.18057,0.34882,334,341
77,22,0.10709,0.10709,0.84424,0.04569,0.17527,297,304
77,23,0.09950,0.09950,0.81250,0.04887,0.18361,294,301
77,24,0.11866,0.11866,0.83643,0.12556,0.35466,298,305
77,25,0.12348,0.12348,0.80029,0.07360,0.18904,280,287
77,26,0.10010,0.10010,0.80713,0.03544,0.15170,315,322
77,27,0.10927,0.10927,0.80811,0.11722,0.26187,284,291
77,28,0.09330,0.09330,0.82373,0.13457,0.31174,299,306
77,29,0.09864,0.09864,0.81104,0.04893,0.19910,285,292
77,30,0.12073,0.12073,0.80420,0.12711,0.28494,308,315
77,31,0.10402,0.10402,0.83057,0.13986,0.24402,294,300
77,32,0.09112,0.09112,0.83789,0.04787,0.17557,270,277
77,33,0.13860,0.13860,0.79883,0.15452,0.31128,300,307
77,34,0.09015,0.09015,0.82031,0.06316,0.24090,293,300
77,35,0.10241,0.10241,0.81445,0.12857,0.18949,296,303
77,36,0.11299,0.11299,0.80518,0.08816,0.31616,323,330
77,37,0.10184,0.10184,0.80859,0.04821,0.22372,315,322
77,38,0.13355,0.13355,0.83740,0.13686,0.28606,303,310
77,39,0.09916,0.09916,0.79004,0.04511,0.19718,289,296
77,40,0.10180,0.10180,0.83203,0.16408,0.23330,285,292
77,41,0.12853,0.12853,0.80371,0.20249,0.36657,311,318
77,42,0.10101,0.10101,0.79785,0.15454,0.43160,311,318
77,43,0.10851,0.10851,0.81543,0.10066,0.28553,312,319
77,44,0.10046,0.10046,0.82422,0.23312,0.31638,268,274
78,0,0.09767,0.09767,0.81348,0.03808,0.21280,292,1158
78,1,0.10916,0.10916,0.80371,0.04576,0.17638,293,300
78,2,0.11126,0.11126,0.81885,0.06946,0.16930,276,283
78,3,0.10263,0.10263,0.79639,0.06593,0.31285,323,330
78,4,0.09835,0.09835,0.80322,0.09415,0.29385,296,303
78,5,0.10868,0.10868,0.82617,0.02532,0.15839,285,292
78,6,0.11299,0.11299,0.82471,0.06807,0.26486,281,288
78,7,0.11808,0.11808,0.81982,0.08763,0.22167,260,266
78,8,0.10718,0.10718,0.80127,0.05736,0.26101,282,289
78,9,0.11026,0.11026,0.81641,0.07044,0.26012,268,275
78,10,0.10903,0.10903,0.81787,0.18062,0.38069,278,285
78,11,0.10510,0.10510,0.81641,0.05698,0.24971,309,316
78,12,0.12195,0.12195,0.80762,0.04779,0.21978,285,292
78,13,0.10832,0.10832,0.82666,0.05219,0.22440,259,266
78,14,0.10513,0.10513,0.82178,0.11404,0.25070,297,304
78,15,0.09523,0.09523,0.83057,0.06890,0.18942,326,333
78,16,0.09889,0.09889,0.81201,0.09104,0.23903,321,328
78,17,0.12366,0.12366,0.80420,0.14790,0.35017,292,299
78,18,0.11572,0.11572,0.80176,0.06569,0.24969,282,289
78,19,0.10323,0.10323,0.84277,0.03528,0.15510,272,279
78,20,0.13607,0.13607,0.79688,0.07002,0.28579,294,301
78,21,0.12045,0.12045,0.78906,0.10326,0.22015,313,320
78,22,0.10946,0.10946,0.81396,0.26860,0.25331,284,291
78,23,0.11613,0.11613,0.79346,0.12302,0.43457,274,281
78,24,0.08123,0.08123,0.83008,0.20142,0.39441,309,317
78,25,0.11972,0.11972,0.82080,0.28841,0.35078,295,301
78,26,0.12662,0.12662,0.81445,0.06801,0.23438,288,295
78,27,0.11520,0.11520,0.81934,0.03654,0.18884,295,302
78,28,0.10963,0.10963,0.82129,0.27579,0.36014,286,293
78,29,0.09019,0.09019,0.83789,0.17301,0.29318,271,278
78,30,0.11578,0.11578,0.83057,0.10036,0.32601,295,302
78,31,0.11764,0.11764,0.82568,0.06197,0.20765,288,295
78,32,0.09601,0.09601,0.80859,0.03406,0.18108,306,313
78,33,0.12415,0.12415,0.80322,0.02915,0.17725,298,304
78,34,0.08608,0.08608,0.81836,0.03907,0.15153,303,310
78,35,0.11833,0.11833,0.81299,0.06644,0.19003,301,308
78,36,0.11512,0.11512,0.82812,0.06267,0.19976,302,309
78,37,0.10751,0.10751,0.83105,0.06035,0.16467,322,329
78,38,0.10668,0.10668,0.80518,0.04178,0.24181,291,298
78,39,0.09929,0.09929,0.80664,0.06593,0.25662,303,310
78,40,0.10863,0.10863,0.80908,0.04634,0.17848,307,314
78,41,0.11122,0.11122,0.79199,0.05080,0.18872,320,326
78,42,0.12890,0.12890,0.79590,0.24050,0.39010,308,315
78,43,0.11131,0.11131,0.83154,0.14727,0.30135,317,323
78,44,0.09475,0.09475,0.80078,0.24465,0.57587,324,330
79,0,0.11146,0.11146,0.82129,0.06236,0.21115,300,1230
79,1,0.10834,0.10834,0.82080,0.05540,0.17486,317,324
79,2,0.10469,0.10469,0.79639,0.04356,0.20968,294,301
79,3,0.11706,0.11706,0.81592,0.03606,0.21714,289,296
79,4,0.09095,0.09095,0.82520,0.07384,0.33738,319,326
79,5,0.10475,0.10475,0.82178,0.17039,0.42796,317,324
79,6,0.12444,0.12444,0.81982,0.05958,0.20782,296,303
79,7,0.10065,0.10065,0.81738,0.06293,0.20824,292,299
79,8,0.10329,0.10329,0.82910,0.06100,0.33168,312,319
79,9,0.10749,0.10749,0.82666,0.06352,0.25458,299,306
79,10,0.08872,0.08872,0.81250,0.07060,0.34485,289,296
79,11,0.08964,0.08964,0.83203,0.14827,0.28239,330,337
79,12,0.09967,0.09967,0.80957,0.08940,0.27488,296,303
79,13,0.10736,0.10736,0.82129,0.03892,0.20279,313,320
79,14,0.10849,0.10849,0.80029,0.08784,0.21756,291,298
79,15,0.11064,0.11064,0.80273,0.04601,0.17266,303,310
79,16,0.09927,0.09927,0.77734,0.20433,0.57686,319,326
79,17,0.12538,0.12538,0.81543,0.12655,0.43537,286,293
79,18,0.09960,0.09960,0.82080,0.04016,0.18062,281,289
79,19,0.09186,0.09186,0.80127,0.13886,0.43856,295,302
79,20,0.09930,0.09930,0.80518,0.08041,0.30137,314,321
79,21,0.11634,0.11634,0.81494,0.17132,0.28389,301,309
79,22,0.11539,0.11539,0.83398,0.61115,0.69099,300,306
79,23,0.11112,0.11112,0.79736,0.09001,0.27523,286,293
79,24,0.11376,0.11376,0.82129,0.11448,0.26249,277,284
79,25,0.09486,0.09486,0.80957,0.04686,0.22826,318,325
79,26,0.12143,0.12143,0.80713,0.04849,0.18904,287,294
79,27,0.10382,0.10382,0.82959,0.09680,0.27165,277,284
79,28,0.10433,0.10433,0.83057,0.25229,0.39761,282,289
79,29,0.08244,0.08244,0.83008,0.06816,0.24690,294,301
79,30,0.11838,0.11838,0.81982,0.05278,0.16489,296,303
79,31,0.11560,0.11560,0.82178,0.04464,0.20486,304,311
79,32,0.09434,0.09434,0.81201,0.28066,0.29485,305,312
79,33,0.09595,0.09595,0.82324,0.02428,0.17652,316,323
79,34,0.09665,0.09665,0.79736,0.07424,0.27079,282,289
79,35,0.11971,0.11971,0.82715,0.06888,0.17453,298,305
79,36,0.11540,0.11540,0.81348,0.11532,0.23814,312,319
79,37,0.10076,0.10076,0.81836,0.07165,0.19863,303,310
79,38,0.10967,0.10967,0.81934,0.14214,0.21253,312,318
79,39,0.10705,0.10705,0.79980,0.22235,0.32626,301,307
79,40,0.12522,0.12522,0.81445,0.07872,0.20086,304,311
79,41,0.09719,0.09719,0.83350,0.02991,0.14801,308,315
79,42,0.09162,0.09162,0.82910,0.09622,0.20683,288,295
79,43,0.09786,0.09786,0.82373,0.35965,0.35117,317,324
79,44,0.12369,0.12369,0.81543,0.12502,0.21753,300,307
80,0,0.09837,0.09837,0.80713,0.22759,0.33037,344,1355
80,1,0.09545,0.09545,0.81055,0.11159,0.27637,312,319
80,2,0.10123,0.10123,0.81787,0.10845,0.28454,333,340
80,3,0.10546,0.10546,0.81006,0.09569,0.23074,294,301
80,4,0.12185,0.12185,0.82227,0.06895,0.19545,284,291
80,5,0.11381,0.11381,0.81006,0.07769,0.22073,301,308
80,6,0.08850,0.08850,0.84033,0.11720,0.20160,277,284
80,7,0.08877,0.08877,0.82178,0.05103,0.18628,296,303
80,8,0.10385,0.10385,0.84570,0.28599,0.40759,284,291
80,9,0.11550,0.11550,0.80713,0.18333,0.34867,266,273
80,10,0.10900,0.10900,0.81152,0.03928,0.15652,293,300
80,11,0.11597,0.11597,0.80811,0.24780,0.29988,303,310
80,12,0.10665,0.10665,0.84814,0.24643,0.48198,282,289
80,13,0.12631,0.12631,0.81396,0.07525,0.25083,299,306
80,14,0.09493,0.09493,0.83643,0.03884,0.23191,294,301
80,15,0.10039,0.10039,0.80713,0.08487,0.29642,311,318
80,16,0.10572,0.10572,0.81738,0.09696,0.20854,295,302
80,17,0.14169,0.14169,0.82471,0.13002,0.30446,287,295
80,18,0.11081,0.11081,0.80713,0.06787,0.19079,316,323
80,19,0.07361,0.07361,0.84326,0.10389,0.17522,314,321
80,20,0.10469,0.10469,0.80420,0.05176,0.16316,310,317
80,21,0.12118,0.12118,0.78027,0.06172,0.30173,291,298
80,22,0.09135,0.09135,0.82324,0.06414,0.17357,297,304
80,23,0.10331,0.10331,0.84375,0.12012,0.26256,305,312
80,24,0.11535,0.11535,0.80078,0.05027,0.20661,299,306
80,25,0.10840,0.10840,0.81348,0.18796,0.33252,292,299
80,26,0.10720,0.10720,0.83105,0.08780,0.25104,294,301
80,27,0.10920,0.10920,0.80859,0.05852,0.14559,302,309
80,28,0.09989,0.09989,0.82568,0.13942,0.34022,330,336
80,29,0.11113,0.11113,0.81738,0.09170,0.23441,317,324
80,30,0.09212,0.09212,0.84131,0.22229,0.34743,309,316
80,31,0.10350,0.10350,0.81152,0.13648,0.26799,323,330
80,32,0.10778,0.10778,0.81445,0.08007,0.19736,310,317
80,33,0.11336,0.11336,0.79053,0.23365,0.47394,304,311
80,34,0.10551,0.10551,0.82910,0.05337,0.15964,288,295
80,35,0.11700,0.11700,0.83203,0.18395,0.39533,273,280
80,36,0.12060,0.12060,0.80518,0.14182,0.41529,307,314
80,37,0.09189,0.09189,0.82324,0.08241,0.24758,303,310
80,38,0.13277,0.13277,0.81689,0.06102,0.26486,295,301
80,39,0.12114,0.12114,0.81104,0.21607,0.33899,307,314
80,40,0.10288,0.10288,0.79053,0.20785,0.41163,322,328
80,41,0.10077,0.10077,0.81006,0.08253,0.29484,307,314
80,42,0.09606,0.09606,0.81250,0.04668,0.23321,283,290
80,43,0.08534,0.08534,0.82227,0.04714,0.24520,295,302
80,44,0.09343,0.09343,0.79297,0.07427,0.24413,289,296
81,0,0.10045,0.10045,0.81689,0.05307,0.21233,301,1181
81,1,0.10585,0.10585,0.80322,0.07857,0.22451,296,305
81,2,0.09685,0.09685,0.81592,0.04755,0.22930,295,302
81,3,0.08833,0.08833,0.79199,0.13693,0.30335,308,316
81,4,0.12169,0.12169,0.81152,0.05921,0.31215,308,315
81,5,0.11343,0.11343,0.82666,0.06919,0.20203,299,306
81,6,0.10111,0.10111,0.83838,0.22098,0.25037,311,318
81,7,0.09703,0.09703,0.83105,0.12204,0.22898,300,307
81,8,0.12344,0.12344,0.79199,0.08801,0.21072,295,302
81,9,0.11552,0.11552,0.82520,0.03156,0.18101,301,308
81,10,0.10764,0.10764,0.80322,0.09909,0.32692,291,298
81,11,0.09815,0.09815,0.79736,0.09257,0.21197,308,315
81,12,0.09745,0.09745,0.81348,0.02973,0.14538,254,261
81,13,0.09804,0.09804,0.80420,0.10356,0.18879,293,300
81,14,0.12218,0.12218,0.82520,0.19181,0.28497,284,291
81,15,0.10878,0.10878,0.82373,0.11148,0.25795,293,300
81,16,0.11271,0.11271,0.80664,0.10390,0.17797,283,290
81,17,0.10507,0.10507,0.85596,0.12577,0.26105,296,302
81,18,0.09818,0.09818,0.80273,0.05036,0.15935,296,303
81,19,0.10472,0.10472,0.79883,0.03656,0.17893,327,334
81,20,0.11531,0.11531,0.80371,0.05045,0.19513,315,322
81,21,0.10953,0.10953,0.82666,0.22752,0.42780,331,338
81,22,0.12065,0.12065,0.81494,0.04753,0.18443,289,296
81,23,0.11905,0.11905,0.81494,0.05319,0.19808,313,320
81,24,0.09912,0.09912,0.81543,0.13591,0.33738,274,280
81,25,0.11473,0.11473,0.81445,0.07155,0.25540,297,304
81,26,0.09989,0.09989,0.78809,0.05078,0.19168,282,289
81,27,0.11131,0.11131,0.83350,0.15507,0.28761,295,302
81,28,0.11108,0.11108,0.80273,0.22656,0.39437,273,280
81,29,0.10216,0.10216,0.78271,0.07744,0.27627,314,321
81,30,0.11469,0.11469,0.81152,0.10075,0.19344,291,298
81,31,0.10396,0.10396,0.80322,0.08405,0.20775,259,266
81,32,0.10385,0.10385,0.81689,0.03809,0.16795,287,294
81,33,0.10455,0.10455,0.82715,0.22556,0.23138,278,284
81,34,0.11532,0.11532,0.80811,0.12354,0.32782,317,324
81,35,0.11731,0.11731,0.80127,0.06758,0.17839,303,310
81,36,0.11855,0.11855,0.84766,0.12752,0.41009,289,295
81,37,0.10322,0.10322,0.79297,0.05455,0.17226,310,316
81,38,0.11549,0.11549,0.81299,0.09809,0.17664,296,303
81,39,0.11761,0.11761,0.81396,0.05329,0.22027,299,306
81,40,0.10519,0.10519,0.81641,0.11734,0.21038,291,298
81,41,0.10581,0.10581,0.81738,0.23400,0.24730,296,303
81,42,0.10282,0.10282,0.82715,0.09352,0.29806,311,318
81,43,0.10373,0.10373,0.83350,0.07720,0.19272,287,294
81,44,0.12492,0.12492,0.81348,0.11120,0.27964,300,307
82,0,0.10055,0.10055,0.78467,0.11703,0.30966,308,1275
82,1,0.10644,0.10644,0.81787,0.10688,0.19995,283,290
82,2,0.09951,0.09951,0.82520,0.03908,0.14635,291,298
82,3,0.10194,0.10194,0.83154,0.05152,0.20040,309,316
82,4,0.09461,0.09461,0.80176,0.19137,0.54486,319,326
82,5,0.09582,0.09582,0.80811,0.06706,0.30240,285,292
82,6,0.13018,0.13018,0.80811,0.10804,0.22504,289,296
82,7,0.10321,0.10321,0.80859,0.04826,0.21670,282,289
82,8,0.10673,0.10673,0.81006,0.21675,0.60241,316,323
82,9,0.14532,0.14532,0.79932,0.16533,0.47761,284,291
82,10,0.09880,0.09880,0.81592,0.04457,0.23304,282,289
82,11,0.11283,0.11283,0.82373,0.07109,0.25582,300,307
82,12,0.12497,0.12497,0.81641,0.19389,0.40713,300,307
82,13,0.07815,0.07815,0.83350,0.08102,0.16806,308,315
82,14,0.14877,0.14877,0.81201,0.06795,0.30212,307,314
82,15,0.11101,0.11101,0.83887,0.06459,0.22040,308,315
82,16,0.10088,0.10088,0.82861,0.14642,0.24019,288,295
82,17,0.10796,0.10796,0.82910,0.15726,0.26102,296,303
82,18,0.10588,0.10588,0.81494,0.14070,0.36096,283,290
82,19,0.12851,0.12851,0.81104,0.18196,0.34908,286,293
82,20,0.12010,0.12010,0.82959,0.12964,0.31614,286,293
82,21,0.10133,0.10133,0.82959,0.20712,0.49569,291,298
82,22,0.10602,0.10602,0.80518,0.09472,0.23766,315,322
82,23,0.12113,0.12113,0.79785,0.08002,0.18870,306,313
82,24,0.11137,0.11137,0.81250,0.17219,0.42544,290,297
82,25,0.10009,0.10009,0.82080,0.07262,0.25309,302,309
82,26,0.12629,0.12629,0.82080,0.20294,0.26203,286,293
82,27,0.09257,0.09257,0.80615,0.10101,0.19013,300,307
82,28,0.10769,0.10769,0.82910,0.10223,0.28083,294,301
82,29,0.12159,0.12159,0.80127,0.18041,0.41577,290,297
82,30,0.10506,0.10506,0.82617,0.32043,0.41751,301,308
82,31,0.11367,0.11367,0.82617,0.05258,0.21854,309,316
82,32,0.11215,0.11215,0.81592,0.04238,0.18998,270,277
82,33,0.10590,0.10590,0.83398,0.07428,0.23966,287,294
82,34,0.10649,0.10649,0.81738,0.07900,0.23798,302,309
82,35,0.10529,0.10529,0.81787,0.21331,0.46981,292,299
82,36,0.13044,0.13044,0.83154,0.06475,0.19778,302,308
82,37,0.10255,0.10255,0.82715,0.05107,0.21576,287,294
82,38,0.10611,0.10611,0.83203,0.17475,0.22899,293,300
82,39,0.10064,0.10064,0.79980,0.07412,0.22513,315,322
82,40,0.09054,0.09054,0.81934,0.09065,0.30708,316,323
82,41,0.10866,0.10866,0.81494,0.04683,0.18536,269,276
82,42,0.10601,0.10601,0.79834,0.11562,0.22739,283,290
82,43,0.10478,0.10478,0.80566,0.20651,0.35680,329,335
82,44,0.10909,0.10909,0.83691,0.05506,0.19446,311,318
83,0,0.10205,0.10205,0.83936,0.06246,0.21904,282,1092
83,1,0.10111,0.10111,0.82422,0.05331,0.19135,321,328
83,2,0.09278,0.09278,0.81396,0.08333,0.23289,311,318
83,3,0.10821,0.10821,0.80127,0.06628,0.21543,298,305
83,4,0.13039,0.13039,0.81982,0.08108,0.24521,287,294
83,5,0.10738,0.10738,0.81250,0.04374,0.17552,292,299
83,6,0.08912,0.08912,0.82910,0.08194,0.35791,319,326
83,7,0.08665,0.08665,0.82324,0.05110,0.26060,297,304
83,8,0.10947,0.10947,0.80713,0.06771,0.21142,273,280
83,9,0.11309,0.11309,0.81006,0.06056,0.20480,278,285
83,10,0.10499,0.10499,0.80566,0.04803,0.21381,284,291
83,11,0.11472,0.11472,0.80518,0.04491,0.23226,280,287
83,12,0.09191,0.09191,0.82227,0.05374,0.23327,299,306
83,13,0.12367,0.12367,0.81738,0.06588,0.26260,296,303
83,14,0.09942,0.09942,0.84326,0.18936,0.26888,291,298
83,15,0.09981,0.09981,0.81592,0.07231,0.37793,321,328
83,16,0.08959,0.08959,0.80566,0.09138,0.18578,294,301
83,17,0.08977,0.08977,0.78809,0.07937,0.20641,287,293
83,18,0.10207,0.10207,0.81396,0.14197,0.33110,296,303
83,19,0.11426,0.11426,0.81543,0.06467,0.19657,323,330
83,20,0.12015,0.12015,0.82861,0.18937,0.53454,296,303
83,21,0.13789,0.13789,0.82471,0.06493,0.20786,312,319
83,22,0.10663,0.10663,0.83984,0.09025,0.22716,285,292
83,23,0.10766,0.10766,0.83057,0.05564,0.23939,276,283
83,24,0.13769,0.13769,0.79785,0.05552,0.24283,294,301
83,25,0.09716,0.09716,0.80176,0.13807,0.23924,284,291
83,26,0.10166,0.10166,0.80811,0.07914,0.32508,276,283
83,27,0.10354,0.10354,0.79492,0.09454,0.25077,305,312
83,28,0.10319,0.10319,0.83301,0.15860,0.25923,311,318
83,29,0.09264,0.09264,0.81982,0.09931,0.24390,319,326
83,30,0.09905,0.09905,0.80518,0.06614,0.21064,287,294
83,31,0.09624,0.09624,0.81787,0.20946,0.23244,318,325
83,32,0.11065,0.11065,0.81201,0.29584,0.45960,306,312
83,33,0.12189,0.12189,0.81543,0.07068,0.23965,262,269
83,34,0.11701,0.11701,0.81689,0.18399,0.33818,297,304
83,35,0.10293,0.10293,0.84521,0.06088,0.32902,278,285
83,36,0.11090,0.11090,0.83203,0.05612,0.28369,296,303
83,37,0.13069,0.13069,0.83105,0.04960,0.18674,277,284
83,38,0.10214,0.10214,0.84180,0.18632,0.40775,295,301
83,39,0.13271,0.13271,0.80371,0.35597,0.48997,307,313
83,40,0.10178,0.10178,0.84131,0.09575,0.18706,300,307
83,41,0.09615,0.09615,0.80859,0.07931,0.22864,330,337
83,42,0.10541,0.10541,0.81836,0.16969,0.25440,276,283
83,43,0.09600,0.09600,0.80811,0.11078,0.38173,301,308
83,44,0.10817,0.10817,0.80859,0.10024,0.27202,314,320
84,0,0.09532,0.09532,0.81348,0.15769,0.27559,294,1077
84,1,0.10117,0.10117,0.83154,0.12989,0.20821,308,315
84,2,0.10337,0.10337,0.82471,0.12438,0.28790,282,289
84,3,0.12737,0.12737,0.79297,0.06798,0.25046,300,307
84,4,0.12323,0.12323,0.81689,0.14106,0.21950,278,285
84,5,0.08740,0.08740,0.84473,0.05844,0.20613,298,305
84,6,0.12349,0.12349,0.81787,0.07069,0.29052,287,294
84,7,0.10168,0.10168,0.80957,0.15645,0.32160,297,304
84,8,0.11920,0.11920,0.80371,0.15597,0.41618,322,329
84,9,0.09431,0.09431,0.82373,0.08061,0.18129,307,314
84,10,0.12957,0.12957,0.81641,0.10618,0.34182,278,285
84,11,0.12254,0.12254,0.78906,0.06342,0.19837,302,309
84,12,0.09395,0.09395,0.81592,0.10292,0.19025,316,323
84,13,0.12450,0.12450,0.79492,0.16612,0.24671,299,306
84,14,0.11659,0.11659,0.81348,0.14883,0.39147,290,297
84,15,0.09041,0.09041,0.82080,0.11659,0.21103,291,298
84,16,0.13444,0.13444,0.81885,0.03884,0.23092,295,302
84,17,0.11486,0.11486,0.79395,0.09884,0.26048,309,316
84,18,0.09999,0.09999,0.80713,0.05728,0.32872,330,337
84,19,0.10569,0.10569,0.84033,0.05999,0.21769,320,327
84,20,0.10071,0.10071,0.82129,0.26969,0.31568,303,310
84,21,0.10863,0.10863,0.81641,0.07480,0.20925,281,288
84,22,0.09646,0.09646,0.78955,0.10393,0.19011,285,292
84,23,0.11333,0.11333,0.81836,0.15932,0.23868,284,291
84,24,0.08613,0.08613,0.78906,0.19013,0.30215,281,288
84,25,0.09300,0.09300,0.84570,0.05620,0.20009,268,274
84,26,0.10605,0.10605,0.83691,0.05185,0.18114,291,299
84,27,0.10335,0.10335,0.82666,0.08929,0.26773,295,302
84,28,0.09651,0.09651,0.81348,0.09119,0.22823,310,317
84,29,0.09883,0.09883,0.81006,0.06193,0.24319,295,302
84,30,0.09680,0.09680,0.82812,0.21793,0.30635,301,308
84,31,0.08732,0.08732,0.83594,0.04350,0.17510,304,311
84,32,0.10738,0.10738,0.80371,0.08174,0.28891,288,295
84,33,0.11876,0.11876,0.79688,0.10927,0.19593,289,296
84,34,0.11526,0.11526,0.79785,0.04953,0.22077,292,299
84,35,0.11008,0.11008,0.82324,0.07973,0.17988,299,306
84,36,0.10238,0.10238,0.82422,0.08288,0.27732,288,295
84,37,0.11623,0.11623,0.81543,0.14949,0.34868,307,314
84,38,0.11883,0.11883,0.83496,0.08721,0.24129,298,305
84,39,0.11622,0.11622,0.80615,0.13433,0.29477,340,346
84,40,0.12465,0.12465,0.82715,0.10929,0.30153,303,309
84,41,0.10809,0.10809,0.82910,0.31057,0.45836,303,310
84,42,0.10141,0.10141,0.82471,0.05665,0.27028,271,277
84,43,0.10167,0.10167,0.80518,0.05968,0.28680,308,315
84,44,0.11919,0.11919,0.82080,0.16850,0.32308,282,289
85,0,0.11899,0.11899,0.80566,0.13222,0.25100,308,1109
85,1,0.11991,0.11991,0.79688,0.26987,0.43753,292,299
85,2,0.13457,0.13457,0.79150,0.07888,0.21156,292,299
85,3,0.11979,0.11979,0.80811,0.18866,0.47293,293,300
85,4,0.09443,0.09443,0.78223,0.07061,0.23547,301,307
85,5,0.11192,0.11192,0.81934,0.04741,0.18292,271,278
85,6,0.11444,0.11444,0.79492,0.11463,0.34082,281,288
85,7,0.13189,0.13189,0.80469,0.22639,0.34237,323,330
85,8,0.09142,0.09142,0.81299,0.05648,0.21362,316,323
85,9,0.10281,0.10281,0.79541,0.07912,0.22716,305,311
85,10,0.10164,0.10164,0.79053,0.04609,0.15353,317,324
85,11,0.11501,0.11501,0.79590,0.06442,0.19077,315,322
85,12,0.09736,0.09736,0.80176,0.04867,0.18180,317,324
85,13,0.09702,0.09702,0.81396,0.08685,0.25160,301,308
85,14,0.11842,0.11842,0.80029,0.04847,0.15167,299,306
85,15,0.11032,0.11032,0.84131,0.19683,0.23220,311,318
85,16,0.12149,0.12149,0.82031,0.11428,0.30115,287,294
85,17,0.11307,0.11307,0.82178,0.10865,0.21026,286,293
85,18,0.12631,0.12631,0.84668,0.18077,0.46178,321,328
85,19,0.11321,0.11321,0.80469,0.08358,0.29129,294,301
85,20,0.12228,0.12228,0.82324,0.11489,0.25915,312,319
85,21,0.08976,0.08976,0.83594,0.06891,0.16233,316,323
85,22,0.10518,0.10518,0.83936,0.18164,0.37356,313,320
85,23,0.08944,0.08944,0.83496,0.05702,0.21438,309,316
85,24,0.12840,0.12840,0.83594,0.06018,0.24566,291,298
85,25,0.11859,0.11859,0.81592,0.15701,0.32528,273,280
85,26,0.10493,0.10493,0.83350,0.15275,0.23921,309,316
85,27,0.10785,0.10785,0.82129,0.06357,0.21552,326,332
85,28,0.10534,0.10534,0.82520,0.04658,0.15920,288,295
85,29,0.11101,0.11101,0.82324,0.06670,0.22649,287,294
85,30,0.08762,0.08762,0.82666,0.09753,0.16453,291,298
85,31,0.11223,0.11223,0.83105,0.06665,0.29683,303,310
85,32,0.09521,0.09521,0.80273,0.11903,0.38315,307,314
85,33,0.11768,0.11768,0.82373,0.16772,0.27204,282,288
85,34,0.10438,0.10438,0.82812,0.07112,0.29790,282,288
85,35,0.10512,0.10512,0.81738,0.14127,0.29845,304,311
85,36,0.11468,0.11468,0.84717,0.04269,0.21405,313,320
85,37,0.10338,0.10338,0.82959,0.16972,0.34649,313,320
85,38,0.10442,0.10442,0.83252,0.06571,0.18957,304,311
85,39,0.10322,0.10322,0.80029,0.17139,0.31024,289,295
85,40,0.12156,0.12156,0.83203,0.20615,0.35761,301,307
85,41,0.09279,0.09279,0.83057,0.23165,0.40835,290,297
85,42,0.10066,0.10066,0.80322,0.13584,0.27207,280,286
85,43,0.09519,0.09519,0.81152,0.05147,0.14714,315,321
85,44,0.10295,0.10295,0.81445,0.04307,0.19687,310,317
86,0,0.10937,0.10937,0.81250,0.16763,0.24943,320,1169
86,1,0.11093,0.11093,0.80420,0.03228,0.16542,304,311
86,2,0.09801,0.09801,0.81836,0.13548,0.22625,297,304
86,3,0.09981,0.09981,0.83105,0.12799,0.28022,300,307
86,4,0.10524,0.10524,0.82129,0.24167,0.54522,305,312
86,5,0.10556,0.10556,0.81641,0.18577,0.26435,329,336
86,6,0.10455,0.10455,0.80664,0.16086,0.36486,270,277
86,7,0.08174,0.08174,0.82227,0.05902,0.21140,299,306
86,8,0.10737,0.10737,0.82080,0.07588,0.16232,349,356
86,9,0.10303,0.10303,0.81592,0.08680,0.15755,306,313
86,10,0.08474,0.08474,0.80615,0.04384,0.22620,315,322
86,11,0.09417,0.09417,0.78955,0.05465,0.23939,294,301
86,12,0.10281,0.10281,0.82275,0.04078,0.25431,287,294
86,13,0.13262,0.13262,0.79834,0.07463,0.20807,313,320
86,14,0.09556,0.09556,0.82373,0.02683,0.16200,275,282
86,15,0.11186,0.11186,0.84375,0.05500,0.18905,308,315
86,16,0.10354,0.10354,0.82178,0.13584,0.23018,277,284
86,17,0.10560,0.10560,0.81152,0.08762,0.19836,296,303
86,18,0.11118,0.11118,0.81689,0.09232,0.30762,284,291
86,19,0.12523,0.12523,0.82324,0.05467,0.15822,290,297
86,20,0.11999,0.11999,0.81738,0.09293,0.19602,320,327
86,21,0.14195,0.14195,0.80957,0.07805,0.21249,284,291
86,22,0.10110,0.10110,0.80420,0.06450,0.23322,298,305
86,23,0.11475,0.11475,0.80371,0.08183,0.31165,298,305
86,24,0.11430,0.11430,0.82275,0.03614,0.18240,288,296
86,25,0.12877,0.12877,0.83643,0.05069,0.25079,294,301
86,26,0.13427,0.13427,0.81836,0.08943,0.27363,305,311
86,27,0.09281,0.09281,0.79297,0.20479,0.37421,311,317
86,28,0.10217,0.10217,0.80811,0.10268,0.20413,320,327
86,29,0.10417,0.10417,0.79932,0.11423,0.26304,274,280
86,30,0.10549,0.10549,0.81836,0.03765,0.20475,291,298
86,31,0.10296,0.10296,0.81104,0.06010,0.28060,305,312
86,32,0.10424,0.10424,0.79492,0.11748,0.23499,303,310
86,33,0.09499,0.09499,0.83789,0.04868,0.15908,287,294
86,34,0.11211,0.11211,0.80957,0.04940,0.20036,298,305
86,35,0.11816,0.11816,0.82568,0.08574,0.26755,288,295
86,36,0.11456,0.11456,0.82520,0.08684,0.29722,293,300
86,37,0.10633,0.10633,0.81250,0.13195,0.22133,293,300
86,38,0.12563,0.12563,0.81152,0.09216,0.32298,288,295
86,39,0.10692,0.10692,0.82031,0.06697,0.20134,279,286
86,40,0.10513,0.10513,0.83057,0.12919,0.39937,303,310
86,41,0.09149,0.09149,0.81348,0.14947,0.27652,274,281
86,42,0.09877,0.09877,0.81396,0.19300,0.31453,286,293
86,43,0.10747,0.10747,0.84033,0.09965,0.17572,314,320
86,44,0.11371,0.11371,0.81543,0.05401,0.21812,297,304
87,0,0.11658,0.11658,0.82178,0.03253,0.17599,284,1184
87,1,0.08661,0.08661,0.80371,0.03719,0.16633,280,287
87,2,0.09720,0.09720,0.82520,0.25113,0.44972,290,298
87,3,0.08509,0.08509,0.79883,0.03874,0.20352,315,322
87,4,0.11869,0.11869,0.81982,0.13361,0.24112,295,302
87,5,0.11479,0.11479,0.82812,0.10443,0.27621,280,287
87,6,0.11347,0.11347,0.81982,0.06097,0.22503,281,288
87,7,0.10838,0.10838,0.83936,0.28462,0.36056,320,327
87,8,0.11194,0.11194,0.80322,0.07203,0.21193,302,308
87,9,0.12272,0.12272,0.83691,0.24899,0.35291,312,319
87,10,0.10622,0.10622,0.80908,0.05143,0.16027,322,329
87,11,0.10730,0.10730,0.80859,0.22251,0.25830,301,308
87,12,0.10526,0.10526,0.81104,0.07294,0.24038,271,278
87,13,0.11104,0.11104,0.82910,0.08128,0.25287,269,276
87,14,0.11258,0.11258,0.80957,0.11556,0.25466,296,303
87,15,0.10296,0.10296,0.81689,0.06029,0.18215,310,317
87,16,0.09306,0.09306,0.83154,0.10574,0.20432,288,295
87,17,0.11868,0.11868,0.79199,0.12479,0.22542,278,285
87,18,0.10217,0.10217,0.82861,0.02722,0.15127,315,322
87,19,0.09613,0.09613,0.80273,0.05215,0.20390,315,322
87,20,0.10590,0.10590,0.79932,0.06232,0.20390,302,308
87,21,0.09478,0.09478,0.83984,0.23162,0.40538,279,286
87,22,0.09677,0.09677,0.81982,0.15352,0.24666,270,277
87,23,0.11357,0.11357,0.83447,0.23212,0.33810,318,325
87,24,0.09492,0.09492,0.82324,0.08245,0.24416,301,308
87,25,0.10729,0.10729,0.79834,0.06966,0.23886,297,304
87,26,0.09664,0.09664,0.81738,0.07339,0.20256,295,302
87,27,0.10540,0.10540,0.81641,0.14477,0.21266,284,291
87,28,0.12096,0.12096,0.81787,0.08375,0.27306,270,277
87,29,0.11852,0.11852,0.81104,0.12673,0.26078,316,322
87,30,0.08093,0.08093,0.81543,0.03205,0.19518,307,314
87,31,0.12503,0.12503,0.82227,0.07388,0.26440,293,300
87,32,0.09971,0.09971,0.79834,0.08603,0.17300,299,306
87,33,0.12547,0.12547,0.80371,0.17762,0.27262,292,299
87,34,0.09966,0.09966,0.81689,0.07950,0.24062,289,296
87,35,0.09527,0.09527,0.81543,0.06476,0.20482,313,320
87,36,0.12760,0.12760,0.82324,0.26418,0.37785,301,308
87,37,0.11884,0.11884,0.80029,0.13647,0.25586,313,320
87,38,0.11457,0.11457,0.83545,0.13455,0.31148,284,291
87,39,0.12452,0.12452,0.82617,0.12926,0.31854,322,328
87,40,0.10308,0.10308,0.82471,0.04884,0.19856,292,299
87,41,0.12034,0.12034,0.83643,0.08421,0.31512,300,307
87,42,0.10594,0.10594,0.82666,0.24753,0.40359,317,324
87,43,0.10640,0.10640,0.83496,0.06230,0.23841,297,304
87,44,0.10020,0.10020,0.83252,0.05836,0.26802,296,303
88,0,0.11710,0.11710,0.80469,0.07230,0.25765,310,1238
88,1,0.10377,0.10377,0.82861,0.04734,0.22336,306,313
88,2,0.11320,0.11320,0.83740,0.12676,0.29394,272,279
88,3,0.11949,0.11949,0.82617,0.10927,0.24601,311,318
88,4,0.10140,0.10140,0.78027,0.03736,0.13518,272,279
88,5,0.10973,0.10973,0.80615,0.15501,0.27790,278,285
88,6,0.09803,0.09803,0.79395,0.05013,0.16297,312,319
88,7,0.10465,0.10465,0.79248,0.13038,0.36446,289,296
88,8,0.10087,0.10087,0.81787,0.06842,0.17960,304,310
88,9,0.10897,0.10897,0.82031,0.04407,0.16158,324,331
88,10,0.12398,0.12398,0.82812,0.17313,0.29890,291,298
88,11,0.11332,0.11332,0.81738,0.09502,0.47369,308,315
88,12,0.09361,0.09361,0.81836,0.12046,0.31199,287,294
88,13,0.10985,0.10985,0.81445,0.09760,0.29104,298,305
88,14,0.10667,0.10667,0.82471,0.10896,0.23152,305,312
88,15,0.09789,0.09789,0.82617,0.26475,0.51131,266,273
88,16,0.10630,0.10630,0.80762,0.08257,0.24330,289,296
88,17,0.10727,0.10727,0.82178,0.10359,0.21326,281,288
88,18,0.11931,0.11931,0.82666,0.05686,0.20054,302,308
88,19,0.10094,0.10094,0.80811,0.07893,0.19745,327,334
88,20,0.08455,0.08455,0.83691,0.06887,0.18421,296,303
88,21,0.10638,0.10638,0.82422,0.04605,0.15445,302,308
88,22,0.09956,0.09956,0.81738,0.09457,0.24262,288,295
88,23,0.11520,0.11520,0.81055,0.16230,0.30827,303,310
88,24,0.10424,0.10424,0.79932,0.11184,0.23764,295,302
88,25,0.12933,0.12933,0.81787,0.03100,0.18492,297,304
88,26,0.12845,0.12845,0.80957,0.04936,0.21120,290,297
88,27,0.11329,0.11329,0.83057,0.10033,0.23348,299,305
88,28,0.11979,0.11979,0.82812,0.05285,0.19793,262,269
88,29,0.12130,0.12130,0.83057,0.05181,0.30859,320,326
88,30,0.11354,0.11354,0.80859,0.18029,0.25362,282,289
88,31,0.10240,0.10240,0.80420,0.03273,0.14532,331,337
88,32,0.11356,0.11356,0.80420,0.11854,0.32891,306,313
88,33,0.09000,0.09000,0.82568,0.06308,0.19922,290,297
88,34,0.10274,0.10274,0.82617,0.21689,0.29748,301,308
88,35,0.09290,0.09290,0.82666,0.16113,0.28392,290,296
88,36,0.09030,0.09030,0.83887,0.17463,0.29894,260,267
88,37,0.09279,0.09279,0.80078,0.09055,0.24653,270,277
88,38,0.12047,0.12047,0.81689,0.13895,0.31597,316,323
88,39,0.09364,0.09364,0.83203,0.05535,0.20696,296,303
88,40,0.10958,0.10958,0.81348,0.05165,0.19457,290,296
88,41,0.11961,0.11961,0.83301,0.08725,0.21452,286,293
88,42,0.10374,0.10374,0.80762,0.08023,0.24615,268,275
88,43,0.10915,0.10915,0.80908,0.06926,0.18472,299,306
88,44,0.10481,0.10481,0.79004,0.07066,0.22325,290,296
89,0,0.11522,0.11522,0.81494,0.05744,0.16857,345,1154
89,1,0.12086,0.12086,0.83643,0.15570,0.38545,318,326
89,2,0.11082,0.11082,0.81445,0.02787,0.14329,295,302
89,3,0.11268,0.11268,0.80176,0.08732,0.23471,311,318
89,4,0.09638,0.09638,0.83545,0.07535,0.22346,295,302
89,5,0.09521,0.09521,0.82129,0.13592,0.21280,322,329
89,6,0.08700,0.08700,0.81641,0.05765,0.20965,317,324
89,7,0.09978,0.09978,0.80469,0.05865,0.27203,307,314
89,8,0.10638,0.10638,0.84766,0.16668,0.27580,292,299
89,9,0.10591,0.10591,0.84424,0.05297,0.19871,306,313
89,10,0.10337,0.10337,0.80127,0.07444,0.35028,320,326
89,11,0.10729,0.10729,0.81592,0.07666,0.20894,294,301
89,12,0.12955,0.12955,0.82715,0.06492,0.17660,294,301
89,13,0.12087,0.12087,0.80225,0.10765,0.29590,280,287
89,14,0.11001,0.11001,0.80518,0.11716,0.19681,286,293
89,15,0.10913,0.10913,0.81543,0.03884,0.19546,322,329
89,16,0.11896,0.11896,0.81055,0.27282,0.52324,297,304
89,17,0.10951,0.10951,0.82812,0.07964,0.25336,290,298
89,18,0.12311,0.12311,0.81689,0.08860,0.30074,315,322
89,19,0.11429,0.11429,0.82959,0.09354,0.26109,286,293
89,20,0.12815,0.12815,0.83838,0.23215,0.42365,292,299
89,21,0.10281,0.10281,0.81836,0.12919,0.35162,275,282
89,22,0.10343,0.10343,0.81201,0.15451,0.19270,288,295
89,23,0.11754,0.11754,0.81494,0.10123,0.24789,287,294
89,24,0.09614,0.09614,0.79590,0.22102,0.38655,312,319
89,25,0.09388,0.09388,0.80859,0.20803,0.31410,304,310
89,26,0.11329,0.11329,0.79443,0.11756,0.40555,327,334
89,27,0.10339,0.10339,0.82227,0.06943,0.22375,295,302
89,28,0.10700,0.10700,0.83887,0.21672,0.31041,304,311
89,29,0.12738,0.12738,0.81787,0.09387,0.24226,288,295
89,30,0.08860,0.08860,0.80908,0.05864,0.18420,287,294
89,31,0.10737,0.10737,0.82080,0.16375,0.34080,311,318
89,32,0.10011,0.10011,0.83105,0.19126,0.22179,284,291
89,33,0.10271,0.10271,0.82227,0.05832,0.15586,296,303
89,34,0.11980,0.11980,0.80859,0.08595,0.17360,311,318
89,35,0.10361,0.10361,0.80273,0.13476,0.25542,321,328
89,36,0.11687,0.11687,0.79639,0.06028,0.21344,299,305
89,37,0.12131,0.12131,0.83643,0.09635,0.28362,279,286
89,38,0.10634,0.10634,0.84424,0.07237,0.21014,291,298
89,39,0.11297,0.11297,0.81592,0.30298,0.40434,298,305
89,40,0.09879,0.09879,0.82324,0.06876,0.18256,292,299
89,41,0.10680,0.10680,0.81396,0.04594,0.24236,281,288
89,42,0.12289,0.12289,0.80664,nan,nan,327,334
89,43,0.10040,0.10040,0.81982,0.30427,0.47723,294,300
89,44,0.10923,0.10923,0.78223,0.07954,0.15362,291,298
90,0,0.08864,0.08864,0.82471,0.12641,0.29059,341,1151
90,1,0.11159,0.11159,0.80615,0.05959,0.15038,281,288
90,2,0.11361,0.11361,0.80713,0.07157,0.29631,323,330
90,3,0.11191,0.11191,0.81543,0.07819,0.18480,283,290
90,4,0.10257,0.10257,0.82373,0.08511,0.29151,321,328
90,5,0.12792,0.12792,0.81982,0.09916,0.22997,295,302
90,6,0.12000,0.12000,0.80225,0.07638,0.21217,304,311
90,7,0.12284,0.12284,0.79980,0.12825,0.20055,283,290
90,8,0.10043,0.10043,0.80762,0.10591,0.39241,306,313
90,9,0.10244,0.10244,0.79541,0.06607,0.20896,310,317
90,10,0.11944,0.11944,0.82666,0.15657,0.22096,278,285
90,11,0.09560,0.09560,0.83008,0.16058,0.27286,301,308
90,12,0.11246,0.11246,0.81494,0.06252,0.18712,305,312
90,13,0.10423,0.10423,0.81689,0.07341,0.21170,322,329
90,14,0.10419,0.10419,0.84424,0.04673,0.21601,313,320
90,15,0.11609,0.11609,0.82666,0.05067,0.27382,313,320
90,16,0.10926,0.10926,0.83008,0.17140,0.28318,285,292
90,17,0.07456,0.07456,0.81641,0.05783,0.21824,297,304
90,18,0.11851,0.11851,0.80762,0.09926,0.22270,315,322
90,19,0.12763,0.12763,0.80615,0.06141,0.20030,281,288
90,20,0.10166,0.10166,0.82275,0.09384,0.22834,280,287
90,21,0.11214,0.11214,0.79932,0.05549,0.21987,312,319
90,22,0.09381,0.09381,0.79590,0.04410,0.18107,321,328
90,23,0.09630,0.09630,0.83398,0.05148,0.19127,292,299
90,24,0.09778,0.09778,0.82666,0.13304,0.23306,309,316
90,25,0.10620,0.10620,0.81787,0.04339,0.18827,315,322
90,26,0.11768,0.11768,0.82812,0.10132,0.25274,272,279
90,27,0.09886,0.09886,0.79639,0.12973,0.28951,296,303
90,28,0.11876,0.11876,0.80811,0.07908,0.22459,278,285
90,29,0.11093,0.11093,0.80713,0.08506,0.19550,306,313
90,30,0.10505,0.10505,0.81250,0.07792,0.21308,258,265
90,31,0.10882,0.10882,0.81592,0.06630,0.20389,286,293
90,32,0.08512,0.08512,0.82275,0.11736,0.35945,314,320
90,33,0.12791,0.12791,0.82520,0.25394,0.26562,307,314
90,34,0.12004,0.12004,0.79688,0.04257,0.14925,304,311
90,35,0.10197,0.10197,0.81494,0.11676,0.19401,307,314
90,36,0.09672,0.09672,0.82520,0.03707,0.18756,290,297
90,37,0.11308,0.11308,0.80811,0.03279,0.16436,289,296
90,38,0.09524,0.09524,0.81885,0.03706,0.17386,299,306
90,39,0.10088,0.10088,0.80469,0.03586,0.17918,299,306
90,40,0.09461,0.09461,0.80273,0.04328,0.18206,288,294
90,41,0.13501,0.13501,0.81787,0.17729,0.40558,285,292
90,42,0.12285,0.12285,0.80176,0.10537,0.43647,300,307
90,43,0.11104,0.11104,0.81641,0.06170,0.21335,252,259
90,44,0.13448,0.13448,0.83301,0.04743,0.21331,282,288
91,0,0.10840,0.10840,0.81006,0.15241,0.35619,326,1220
91,1,0.10323,0.10323,0.80420,0.06323,0.18635,302,308
91,2,0.13080,0.13080,0.80566,0.06878,0.21390,294,301
91,3,0.08910,0.08910,0.78711,0.06475,0.24527,307,314
91,4,0.10740,0.10740,0.82520,0.12872,0.19157,303,310
91,5,0.10568,0.10568,0.82910,0.07201,0.17184,276,283
91,6,0.11949,0.11949,0.79883,0.13470,0.40659,266,273
91,7,0.10010,0.10010,0.82764,0.10551,0.19065,327,334
91,8,0.11110,0.11110,0.81885,0.16288,0.37399,301,308
91,9,0.12418,0.12418,0.83154,0.14664,0.24973,303,310
91,10,0.13103,0.13103,0.83154,0.16954,0.28408,276,283
91,11,0.10481,0.10481,0.80762,0.07833,0.18878,307,314
91,12,0.10334,0.10334,0.79541,0.11502,0.18750,311,318
91,13,0.12380,0.12380,0.81885,0.24944,0.29509,284,291
91,14,0.10666,0.10666,0.82227,0.20091,0.31652,285,291
91,15,0.09585,0.09585,0.81152,0.09420,0.22992,292,299
91,16,0.09257,0.09257,0.83057,0.06834,0.18489,292,299
91,17,0.09247,0.09247,0.80859,0.14533,0.31814,294,301
91,18,0.08878,0.08878,0.81836,0.04303,0.21985,294,301
91,19,0.08800,0.08800,0.79834,0.07516,0.20213,319,326
91,20,0.10913,0.10913,0.81201,0.23539,0.31110,311,318
91,21,0.10839,0.10839,0.82959,0.14101,0.39965,302,310
91,22,0.11195,0.11195,0.79736,0.04448,0.24792,310,317
91,23,0.08324,0.08324,0.80811,0.06980,0.18880,297,304
91,24,0.09398,0.09398,0.79199,0.18722,0.26311,311,318
91,25,0.09333,0.09333,0.81299,0.09101,0.22496,310,317
91,26,0.12156,0.12156,0.80078,0.05027,0.21349,339,346
91,27,0.11732,0.11732,0.82568,0.07723,0.34150,281,288
91,28,0.09391,0.09391,0.81494,0.17946,0.26738,299,306
91,29,0.11903,0.11903,0.80908,0.10629,0.27345,299,306
91,30,0.09866,0.09866,0.83643,0.05040,0.27209,314,321
91,31,0.09712,0.09712,0.82764,0.05994,0.21886,326,333
91,32,0.09735,0.09735,0.81738,0.12675,0.26519,305,312
91,33,0.10661,0.10661,0.81104,0.06465,0.19197,325,332
91,34,0.08269,0.08269,0.81250,0.07124,0.16586,312,318
91,35,0.10296,0.10296,0.83350,0.10337,0.24315,277,284
91,36,0.10849,0.10849,0.81104,0.06268,0.16874,284,291
91,37,0.10748,0.10748,0.83252,0.04210,0.19621,278,285
91,38,0.11062,0.11062,0.79199,0.12250,0.28533,309,316
91,39,0.12354,0.12354,0.81934,0.05461,0.17637,316,323
91,40,0.11042,0.11042,0.83350,0.05137,0.23332,306,313
91,41,0.11357,0.11357,0.83984,0.20881,0.30845,279,286
91,42,0.09211,0.09211,0.84375,0.05298,0.24878,310,316
91,43,0.13049,0.13049,0.83887,0.05296,0.21549,298,304
91,44,0.11401,0.11401,0.81982,0.03472,0.15797,302,309
92,0,0.10230,0.10230,0.79639,0.07700,0.21760,336,1278
92,1,0.11294,0.11294,0.79736,0.06427,0.14853,305,313
92,2,0.11966,0.11966,0.80957,0.05384,0.21525,311,318
92,3,0.10435,0.10435,0.80078,0.06443,0.22613,298,304
92,4,0.10146,0.10146,0.81934,0.12427,0.22311,326,333
92,5,0.08920,0.08920,0.82324,0.14248,0.26502,280,287
92,6,0.09845,0.09845,0.82373,0.05962,0.18183,296,303
92,7,0.12641,0.12641,0.84277,0.03457,0.18134,280,287
92,8,0.09963,0.09963,0.80908,0.05144,0.19179,300,307
92,9,0.12043,0.12043,0.82080,0.17684,0.33897,285,292
92,10,0.11619,0.11619,0.84961,0.10723,0.39379,277,284
92,11,0.10274,0.10274,0.83252,0.17493,0.25019,275,282
92,12,0.11216,0.11216,0.80322,0.06868,0.21504,275,281
92,13,0.11465,0.11465,0.81104,0.17097,0.28435,299,306
92,14,0.11706,0.11706,0.79736,0.03568,0.15534,287,293
92,15,0.10996,0.10996,0.81543,0.05477,0.17470,279,286
92,16,0.11070,0.11070,0.81152,0.18086,0.33613,301,308
92,17,0.10850,0.10850,0.81201,0.09656,0.27247,288,295
92,18,0.09388,0.09388,0.81006,0.03783,0.16214,305,312
92,19,0.12585,0.12585,0.82227,0.16577,0.22571,282,289
92,20,0.11031,0.11031,0.80615,0.06598,0.23347,278,285
92,21,0.11277,0.11277,0.79248,0.06500,0.24646,313,320
92,22,0.08601,0.08601,0.82227,0.06618,0.27541,293,300
92,23,0.10869,0.10869,0.80127,0.03365,0.18428,308,315
92,24,0.11218,0.11218,0.82520,0.05487,0.19376,324,331
92,25,0.08655,0.08655,0.82568,0.05570,0.18973,323,330
92,26,0.10989,0.10989,0.81689,0.14305,0.35556,297,303
92,27,0.09604,0.09604,0.81689,0.08901,0.23677,308,315
92,28,0.11351,0.11351,0.85156,0.08955,0.20975,310,317
92,29,0.09805,0.09805,0.84375,0.06727,0.21053,297,304
92,30,0.11160,0.11160,0.81055,0.06373,0.23587,291,298
92,31,0.11559,0.11559,0.81641,0.09279,0.18816,292,299
92,32,0.09892,0.09892,0.83008,0.17812,0.24862,289,296
92,33,0.10794,0.10794,0.81787,0.12219,0.23386,290,296
92,34,0.11035,0.11035,0.80566,0.17929,0.54238,322,328
92,35,0.09903,0.09903,0.79932,0.11561,0.22072,317,324
92,36,0.11061,0.11061,0.79688,0.05236,0.26484,276,283
92,37,0.10295,0.10295,0.78857,0.05257,0.17571,288,295
92,38,0.10638,0.10638,0.82471,0.21412,0.44374,331,338
92,39,0.09527,0.09527,0.82617,0.09347,0.19779,318,325
92,40,0.12455,0.12455,0.81299,0.16966,0.36270,302,309
92,41,0.11093,0.11093,0.81787,0.04318,0.17539,300,307
92,42,0.09759,0.09759,0.82324,0.04307,0.21947,287,294
92,43,0.11394,0.11394,0.80518,0.04577,0.20767,300,307
92,44,0.12037,0.12037,0.81738,0.14325,0.28448,308,315
93,0,0.13221,0.13221,0.82764,0.14310,0.41693,289,1284
93,1,0.11433,0.11433,0.81104,0.08686,0.24925,287,294
93,2,0.10710,0.10710,0.84961,0.06111,0.18067,297,304
93,3,0.10528,0.10528,0.81689,0.03920,0.20833,326,333
93,4,0.11858,0.11858,0.81396,0.13954,0.29056,283,290
93,5,0.09883,0.09883,0.80176,0.05631,0.25448,299,306
93,6,0.11247,0.11247,0.81396,0.08933,0.19724,298,305
93,7,0.15027,0.15027,0.82031,0.28771,0.57129,306,313
93,8,0.11862,0.11862,0.78857,0.08414,0.20398,288,295
93,9,0.08667,0.08667,0.82031,0.14166,0.19250,284,291
93,10,0.10334,0.10334,0.80420,0.13670,0.35218,289,296
93,11,0.10334,0.10334,0.83643,0.19864,0.38029,286,293
93,12,0.10795,0.10795,0.83838,0.17623,0.29784,293,300
93,13,0.10744,0.10744,0.81445,0.06088,0.17573,283,289
93,14,0.11312,0.11312,0.78516,0.06035,0.16217,288,295
93,15,0.11186,0.11186,0.81934,0.03983,0.15794,293,300
93,16,0.10064,0.10064,0.81104,0.10851,0.24326,302,309
93,17,0.10645,0.10645,0.82080,0.08309,0.35549,309,317
93,18,0.09911,0.09911,0.82324,0.14214,0.23934,292,299
93,19,0.10073,0.10073,0.80127,0.04549,0.18566,308,315
93,20,0.09797,0.09797,0.82129,0.08873,0.23089,291,298
93,21,0.10049,0.10049,0.82812,0.11227,0.25107,320,327
93,22,0.10864,0.10864,0.83398,0.09375,0.22342,276,283
93,23,0.10262,0.10262,0.81006,0.17740,0.32659,319,326
93,24,0.08935,0.08935,0.79297,0.05931,0.18231,312,319
93,25,0.10200,0.10200,0.79297,0.08376,0.16537,298,305
93,26,0.09781,0.09781,0.84570,0.03524,0.20991,306,313
93,27,0.10152,0.10152,0.78809,0.11451,0.21503,299,306
93,28,0.11659,0.11659,0.80908,0.05176,0.24511,300,307
93,29,0.09031,0.09031,0.78809,0.07090,0.24513,305,312
93,30,0.11500,0.11500,0.80469,0.05837,0.24789,284,291
93,31,0.09610,0.09610,0.83350,0.05203,0.18290,316,323
93,32,0.09234,0.09234,0.83301,0.07045,0.25334,291,298
93,33,0.10912,0.10912,0.80078,0.11452,0.38294,322,328
93,34,0.11310,0.11310,0.80469,0.05863,0.22389,306,313
93,35,0.10811,0.10811,0.81934,0.05284,0.19637,328,334
93,36,0.11498,0.11498,0.82959,0.06622,0.25271,296,302
93,37,0.10921,0.10921,0.81006,0.05304,0.19605,269,275
93,38,0.09763,0.09763,0.81201,0.17542,0.41411,302,309
93,39,0.08946,0.08946,0.80713,0.06611,0.24607,327,334
93,40,0.08971,0.08971,0.83740,0.05088,0.21196,313,320
93,41,0.10818,0.10818,0.82812,0.04209,0.16328,325,332
93,42,0.11809,0.11809,0.81641,0.15659,0.37694,277,284
93,43,0.10338,0.10338,0.80713,0.10594,0.33103,285,292
93,44,0.10081,0.10081,0.83545,0.07635,0.32065,278,285
94,0,0.10015,0.10015,0.80176,0.09192,0.31020,316,1051
94,1,0.11762,0.11762,0.80713,0.06358,0.29898,280,287
94,2,0.11610,0.11610,0.82812,0.16203,0.24027,304,311
94,3,0.11249,0.11249,0.83643,0.17200,0.31838,272,280
94,4,0.11242,0.11242,0.80957,0.07510,0.24104,323,330
94,5,0.08230,0.08230,0.82227,0.08702,0.16462,282,289
94,6,0.11425,0.11425,0.80078,0.13196,0.38352,295,302
94,7,0.10927,0.10927,0.84082,0.03843,0.18663,321,328
94,8,0.10765,0.10765,0.83643,0.03992,0.23037,287,294
94,9,0.10925,0.10925,0.80078,0.12211,0.43740,312,319
94,10,0.10747,0.10747,0.85547,0.03793,0.17070,309,317
94,11,0.09883,0.09883,0.81250,0.17245,0.34982,309,316
94,12,0.12054,0.12054,0.83301,0.09420,0.23770,309,316
94,13,0.11966,0.11966,0.79053,0.09819,0.27516,298,305
94,14,0.11098,0.11098,0.79980,0.04995,0.17381,300,307
94,15,0.14522,0.14522,0.81299,0.11154,0.32201,292,298
94,16,0.10479,0.10479,0.80469,0.05176,0.19576,276,283
94,17,0.10540,0.10540,0.81592,0.05664,0.17604,276,283
94,18,0.09754,0.09754,0.81396,0.12476,0.34108,301,308
94,19,0.10473,0.10473,0.84326,0.07004,0.31501,292,299
94,20,0.11705,0.11705,0.82666,0.04260,0.17851,283,290
94,21,0.10216,0.10216,0.84229,0.08191,0.28128,275,282
94,22,0.09992,0.09992,0.81836,0.05164,0.17638,298,305
94,23,0.10973,0.10973,0.79980,0.12912,0.23049,303,310
94,24,0.11030,0.11030,0.79834,0.07076,0.25568,305,312
94,25,0.10800,0.10800,0.80713,0.06276,0.18500,288,295
94,26,0.12249,0.12249,0.83789,0.05613,0.19595,333,340
94,27,0.11220,0.11220,0.81055,0.05581,0.20059,299,306
94,28,0.11375,0.11375,0.79346,0.10345,0.20175,298,305
94,29,0.09749,0.09749,0.81201,0.07412,0.26064,269,276
94,30,0.12220,0.12220,0.80664,0.07948,0.18506,294,301
94,31,0.10401,0.10401,0.81885,0.13403,0.25547,308,315
94,32,0.11113,0.11113,0.84912,0.18460,0.29818,272,279
94,33,0.10334,0.10334,0.80859,0.08667,0.19681,291,297
94,34,0.11536,0.11536,0.81348,0.05083,0.20812,280,287
94,35,0.10086,0.10086,0.81445,0.09928,0.35294,301,308
94,36,0.11241,0.11241,0.81055,0.08644,0.30310,321,328
94,37,0.10960,0.10960,0.80566,0.08923,0.25739,282,288
94,38,0.10313,0.10313,0.80859,0.07578,0.28389,270,277
94,39,0.10135,0.10135,0.81787,0.04492,0.18111,283,290
94,40,0.09741,0.09741,0.82178,0.09399,0.22070,284,291
94,41,0.11500,0.11500,0.81250,0.08170,0.22305,282,289
94,42,0.10962,0.10962,0.81250,0.12362,0.24054,302,309
94,43,0.10734,0.10734,0.83105,0.06657,0.26331,280,287
94,44,0.13183,0.13183,0.81348,0.05262,0.18246,293,299
95,0,0.09746,0.09746,0.82178,0.06596,0.18894,343,1092
95,1,0.13564,0.13564,0.80859,0.04857,0.24030,307,343
95,2,0.12393,0.12393,0.83105,0.14485,0.30390,312,319
95,3,0.11912,0.11912,0.81787,0.07767,0.31555,284,291
95,4,0.09501,0.09501,0.81836,0.03006,0.14697,290,297
95,5,0.11185,0.11185,0.80176,0.09105,0.33054,288,295
95,6,0.10763,0.10763,0.81494,0.18932,0.42862,292,299
95,7,0.09139,0.09139,0.82861,0.30237,0.35783,306,313
95,8,0.09822,0.09822,0.81982,0.16270,0.35919,289,296
95,9,0.09784,0.09784,0.81299,0.04457,0.18651,306,313
95,10,0.11567,0.11567,0.81250,0.03885,0.18633,275,282
95,11,0.11006,0.11006,0.83057,0.06114,0.24743,325,331
95,12,0.10293,0.10293,0.82422,0.20587,0.39193,293,300
95,13,0.10349,0.10349,0.79932,0.15256,0.22298,303,310
95,14,0.12048,0.12048,0.81592,0.05739,0.16725,299,305
95,15,0.09245,0.09245,0.79834,0.04343,0.19431,306,313
95,16,0.08543,0.08543,0.80420,0.07933,0.23091,268,275
95,17,0.11149,0.11149,0.82764,0.10206,0.33514,272,279
95,18,0.09673,0.09673,0.80859,0.07138,0.17573,333,340
95,19,0.09180,0.09180,0.81299,0.09459,0.25219,316,323
95,20,0.10621,0.10621,0.80859,0.10296,0.33409,265,272
95,21,0.09117,0.09117,0.80029,0.04694,0.17317,302,309
95,22,0.10380,0.10380,0.81152,0.02868,0.16521,309,316
95,23,0.13086,0.13086,0.79883,0.29001,0.37867,273,280
95,24,0.09961,0.09961,0.80957,0.13067,0.29777,324,331
95,25,0.10017,0.10017,0.81055,0.10885,0.24197,328,335
95,26,0.08773,0.08773,0.80859,0.05849,0.16177,288,295
95,27,0.12560,0.12560,0.83105,0.15292,0.23314,297,304
95,28,0.08913,0.08913,0.81836,0.12258,0.23825,285,292
95,29,0.11971,0.11971,0.83057,0.06733,0.19305,274,281
95,30,0.09897,0.09897,0.84570,0.09720,0.23476,315,321
95,31,0.09831,0.09831,0.79736,0.06168,0.18521,270,276
95,32,0.09292,0.09292,0.82178,0.09052,0.17998,322,329
95,33,0.09874,0.09874,0.83838,0.03363,0.14864,287,293
95,34,0.09889,0.09889,0.81934,0.13927,0.30613,277,283
95,35,0.10661,0.10661,0.80908,0.12092,0.21226,286,293
95,36,0.09295,0.09295,0.81152,0.04159,0.17290,308,315
95,37,0.10838,0.10838,0.82422,0.14556,0.24202,284,290
95,38,0.09843,0.09843,0.79736,0.09931,0.24090,297,304
95,39,0.11743,0.11743,0.81006,0.11024,0.21361,304,311
95,40,0.09761,0.09761,0.82617,0.16787,0.20096,311,317
95,41,0.12349,0.12349,0.80078,0.07479,0.21258,319,326
95,42,0.10502,0.10502,0.82617,0.10171,0.33211,286,293
95,43,0.08650,0.08650,0.82812,0.07473,0.20505,319,325
95,44,0.13241,0.13241,0.82227,0.11537,0.27397,292,299
96,0,0.10662,0.10662,0.79688,0.06728,0.20990,323,1315
96,1,0.10218,0.10218,0.83350,0.05300,0.17075,291,298
96,2,0.09989,0.09989,0.81934,0.03568,0.17405,330,337
96,3,0.10798,0.10798,0.80420,0.12689,0.26721,282,289
96,4,0.12208,0.12208,0.80664,0.04344,0.22714,306,313
96,5,0.10258,0.10258,0.80469,0.07845,0.25669,282,289
96,6,0.10625,0.10625,0.84717,0.14435,0.29462,303,310
96,7,0.10429,0.10429,0.80811,0.13605,0.23106,283,290
96,8,0.10871,0.10871,0.78027,0.08966,0.23898,321,328
96,9,0.11290,0.11290,0.81543,0.07816,0.20999,309,316
96,10,0.10134,0.10134,0.83789,0.06859,0.23743,298,305
96,11,0.11351,0.11351,0.82910,0.06673,0.24751,270,277
96,12,0.09155,0.09155,0.80225,0.04884,0.16672,304,311
96,13,0.10304,0.10304,0.81494,0.14372,0.19904,303,309
96,14,0.09852,0.09852,0.82715,0.06766,0.30704,293,300
96,15,0.11240,0.11240,0.80664,0.19355,0.40317,290,296
96,16,0.09603,0.09603,0.81836,0.13866,0.25554,316,323
96,17,0.13137,0.13137,0.82959,0.07524,0.22677,275,282
96,18,0.12018,0.12018,0.77197,0.10891,0.22751,312,319
96,19,0.10311,0.10311,0.81445,0.06228,0.15221,298,305
96,20,0.08906,0.08906,0.81543,0.08096,0.22579,272,279
96,21,0.08655,0.08655,0.82178,0.13734,0.22978,322,329
96,22,0.11010,0.11010,0.80420,0.05788,0.20231,303,310
96,23,0.11125,0.11125,0.80664,0.07100,0.27196,302,309
96,24,0.10195,0.10195,0.80762,0.17020,0.27806,282,289
96,25,0.09649,0.09649,0.82520,0.06648,0.22303,315,322
96,26,0.10170,0.10170,0.80469,0.08004,0.26646,290,297
96,27,0.10364,0.10364,0.81982,0.19133,0.29013,292,299
96,28,0.10456,0.10456,0.82666,0.05151,0.14695,299,306
96,29,0.11367,0.11367,0.81299,0.10478,0.26284,301,308
96,30,0.10290,0.10290,0.81885,0.03948,0.19857,300,307
96,31,0.11152,0.11152,0.79688,0.10642,0.24304,289,296
96,32,0.10902,0.10902,0.80371,0.06810,0.27465,280,286
96,33,0.09379,0.09379,0.81934,0.06321,0.15536,285,292
96,34,0.11277,0.11277,0.81641,0.08543,0.30895,310,317
96,35,0.11325,0.11325,0.82031,0.10648,0.23436,313,320
96,36,0.10401,0.10401,0.80859,0.11412,0.28868,274,280
96,37,0.11401,0.11401,0.81250,0.07198,0.22986,318,324
96,38,0.11744,0.11744,0.84033,0.10750,0.21106,270,277
96,39,0.10809,0.10809,0.84521,0.14234,0.22930,271,278
96,40,0.11640,0.11640,0.81396,0.09573,0.27493,312,319
96,41,0.11066,0.11066,0.80566,0.09458,0.33193,287,294
96,42,0.12141,0.12141,0.81787,0.10779,0.26164,317,324
96,43,0.11678,0.11678,0.80957,0.05872,0.25722,283,290
96,44,0.11130,0.11130,0.80615,0.04916,0.20542,302,309
97,0,0.11412,0.11412,0.80420,0.27254,0.40735,334,1146
97,1,0.10119,0.10119,0.81836,0.15610,0.30109,347,355
97,2,0.14197,0.14197,0.81445,0.11348,0.21705,301,309
97,3,0.09696,0.09696,0.84570,0.04970,0.23196,290,297
97,4,0.09573,0.09573,0.78711,0.06425,0.17830,326,333
97,5,0.11347,0.11347,0.81934,0.06409,0.20047,271,278
97,6,0.10010,0.10010,0.81641,0.03855,0.23441,307,314
97,7,0.09324,0.09324,0.83057,0.03352,0.16633,277,284
97,8,0.10351,0.10351,0.79199,0.11932,0.36209,313,320
97,9,0.10357,0.10357,0.80176,0.09265,0.28557,293,300
97,10,0.11657,0.11657,0.80762,0.06080,0.30827,310,318
97,11,0.11110,0.11110,0.82812,0.09854,0.19443,299,305
97,12,0.12694,0.12694,0.82324,0.08711,0.17286,289,297
97,13,0.11335,0.11335,0.81006,0.05221,0.20749,305,312
97,14,0.08876,0.08876,0.82080,0.11960,0.22958,298,305
97,15,0.11121,0.11121,0.80957,0.15018,0.29701,321,328
97,16,0.10823,0.10823,0.79932,0.05726,0.24840,303,310
97,17,0.10275,0.10275,0.82422,0.07176,0.20860,303,310
97,18,0.11417,0.11417,0.81006,0.18548,0.46075,285,291
97,19,0.12183,0.12183,0.80957,0.04705,0.19717,307,314
97,20,0.10775,0.10775,0.81934,0.07150,0.25826,330,337
97,21,0.09833,0.09833,0.80664,0.07529,0.17523,297,304
97,22,0.11067,0.11067,0.82227,0.04553,0.15868,273,280
97,23,0.10681,0.10681,0.83008,0.03377,0.16099,317,324
97,24,0.10570,0.10570,0.81982,0.12425,0.31478,289,296
97,25,0.10936,0.10936,0.81348,0.04200,0.18079,292,299
97,26,0.11345,0.11345,0.80566,0.09771,0.18625,292,299
97,27,0.12535,0.12535,0.79932,0.09906,0.30096,280,287
97,28,0.10938,0.10938,0.81689,0.05695,0.17992,290,297
97,29,0.11207,0.11207,0.81494,0.04712,0.16676,306,313
97,30,0.10171,0.10171,0.81836,0.04218,0.21751,279,286
97,31,0.11140,0.11140,0.80273,0.05454,0.16441,318,325
97,32,0.10246,0.10246,0.78369,0.08422,0.30113,312,318
97,33,0.11608,0.11608,0.80078,0.05632,0.22963,309,316
97,34,0.12588,0.12588,0.82178,0.12011,0.23216,285,291
97,35,0.12520,0.12520,0.83789,0.03731,0.18810,316,323
97,36,0.11960,0.11960,0.82373,0.12977,0.23106,300,307
97,37,0.09155,0.09155,0.81396,0.11359,0.29655,310,317
97,38,0.09833,0.09833,0.84570,0.07243,0.26182,290,297
97,39,0.11866,0.11866,0.82227,0.14967,0.19261,302,309
97,40,0.10663,0.10663,0.83545,0.11209,0.20731,301,307
97,41,0.11176,0.11176,0.82080,0.04103,0.20250,286,292
97,42,0.12224,0.12224,0.81592,0.22959,0.41245,291,298
97,43,0.10123,0.10123,0.82861,0.08559,0.18658,283,289
97,44,0.11574,0.11574,0.81543,0.05841,0.22812,296,303
98,0,0.11051,0.11051,0.80127,0.08037,0.25471,329,1039
98,1,0.11386,0.11386,0.81689,0.05121,0.23819,314,321
98,2,0.12394,0.12394,0.80566,0.11975,0.41560,307,314
98,3,0.10376,0.10376,0.80811,0.05430,0.19360,280,287
98,4,0.10205,0.10205,0.82227,0.03764,0.19412,311,318
98,5,0.11380,0.11380,0.80664,0.07882,0.17938,293,300
98,6,0.10024,0.10024,0.84863,0.09740,0.28344,267,274
98,7,0.12688,0.12688,0.81982,0.09023,0.23648,307,314
98,8,0.11746,0.11746,0.82178,0.21449,0.42377,274,281
98,9,0.09642,0.09642,0.83252,0.04000,0.17595,292,299
98,10,0.09526,0.09526,0.83594,0.08014,0.17946,318,325
98,11,0.08879,0.08879,0.80713,0.12137,0.26594,278,285
98,12,0.11013,0.11013,0.82080,0.06262,0.19177,311,318
98,13,0.11457,0.11457,0.79980,0.25068,0.32969,315,322
98,14,0.11293,0.11293,0.81543,0.06312,0.23981,296,303
98,15,0.09610,0.09610,0.83984,0.05167,0.19653,300,307
98,16,0.10080,0.10080,0.80811,0.05409,0.20556,294,301
98,17,0.09980,0.09980,0.81201,0.03726,0.17308,295,302
98,18,0.09596,0.09596,0.79980,0.05151,0.16752,318,325
98,19,0.11706,0.11706,0.81006,0.05485,0.20779,293,300
98,20,0.09872,0.09872,0.79297,0.11703,0.22690,306,313
98,21,0.09574,0.09574,0.82666,0.15059,0.21435,316,323
98,22,0.12593,0.12593,0.81006,0.06812,0.14608,298,305
98,23,0.09609,0.09609,0.82129,0.11480,0.34709,274,281
98,24,0.11582,0.11582,0.83740,0.09353,0.22314,312,318
98,25,0.10239,0.10239,0.81787,0.07327,0.26571,317,324
98,26,0.11251,0.11251,0.80176,0.04763,0.19311,281,288
98,27,0.11449,0.11449,0.83301,0.04591,0.22339,290,297
98,28,0.12074,0.12074,0.79980,0.10197,0.19834,297,304
98,29,0.11746,0.11746,0.82324,0.05154,0.19540,293,300
98,30,0.10494,0.10494,0.82617,0.04685,0.16562,303,310
98,31,0.09038,0.09038,0.80615,0.16474,0.31716,278,285
98,32,0.09589,0.09589,0.82031,0.05476,0.25297,283,290
98,33,0.09593,0.09593,0.82471,0.10877,0.21170,288,295
98,34,0.10163,0.10163,0.81592,0.06397,0.23105,280,287
98,35,0.10754,0.10754,0.80566,0.08032,0.19320,315,321
98,36,0.10519,0.10519,0.82959,0.12901,0.26853,306,313
98,37,0.10960,0.10960,0.80127,0.11713,0.24597,297,304
98,38,0.10073,0.10073,0.81885,0.10333,0.26683,288,295
98,39,0.10716,0.10716,0.82031,0.11574,0.27304,296,303
98,40,0.10184,0.10184,0.81055,0.17154,0.24873,300,307
98,41,0.10678,0.10678,0.82031,0.11956,0.27993,339,346
98,42,0.10492,0.10492,0.81836,0.09376,0.27231,283,290
98,43,0.10359,0.10359,0.82910,0.05053,0.20458,286,293
98,44,0.09584,0.09584,0.81982,0.08700,0.27906,335,341
99,0,0.10614,0.10614,0.81885,0.06624,0.21124,327,1241
99,1,0.11797,0.11797,0.81738,0.21035,0.26475,279,286
99,2,0.12608,0.12608,0.80029,0.05142,0.18445,313,320
99,3,0.10269,0.10269,0.83008,0.09805,0.18604,262,268
99,4,0.10057,0.10057,0.80469,0.05135,0.16302,288,295
99,5,0.10692,0.10692,0.82373,0.07546,0.19671,283,290
99,6,0.12087,0.12087,0.82471,0.19900,0.23687,300,307
99,7,0.10846,0.10846,0.83203,0.07493,0.28077,327,334
99,8,0.11946,0.11946,0.82031,0.05744,0.16951,267,274
99,9,0.12202,0.12202,0.80664,0.09644,0.32980,308,315
99,10,0.12787,0.12787,0.81836,0.13069,0.34733,298,304
99,11,0.10529,0.10529,0.80664,0.14001,0.24327,326,333
99,12,0.11583,0.11583,0.80762,0.04728,0.19531,293,300
99,13,0.13036,0.13036,0.82471,0.12134,0.29179,264,271
99,14,0.11189,0.11189,0.82471,0.06102,0.20065,253,260
99,15,0.11060,0.11060,0.81006,0.10882,0.22219,313,320
99,16,0.11076,0.11076,0.81055,0.07813,0.19868,294,301
99,17,0.10555,0.10555,0.78906,0.09306,0.28419,294,301
99,18,0.11432,0.11432,0.83496,0.04608,0.26348,317,324
99,19,0.10829,0.10829,0.81494,0.05107,0.17019,302,309
99,20,0.09715,0.09715,0.82275,0.08689,0.22784,309,316
99,21,0.10709,0.10709,0.81592,0.04093,0.16970,295,302
99,22,0.09811,0.09811,0.80469,0.08101,0.18185,311,318
99,23,0.11539,0.11539,0.83057,0.06727,0.25752,310,317
99,24,0.09688,0.09688,0.80762,0.09767,0.16607,319,326
99,25,0.08798,0.08798,0.81787,0.11729,0.22494,285,292
99,26,0.09960,0.09960,0.80957,0.08772,0.18370,301,308
99,27,0.09469,0.09469,0.81494,0.08933,0.32302,316,322
99,28,0.08551,0.08551,0.81934,0.07680,0.19960,311,318
99,29,0.09837,0.09837,0.80713,0.08374,0.26413,311,318
99,30,0.10502,0.10502,0.79395,0.17865,0.35221,291,298
99,31,0.11267,0.11267,0.83984,0.12394,0.18162,309,316
99,32,0.09794,0.09794,0.81494,0.04397,0.15123,306,313
99,33,0.12688,0.12688,0.83008,0.12067,0.21294,268,275
99,34,0.10967,0.10967,0.82812,0.07092,0.19954,278,285
99,35,0.11030,0.11030,0.82715,0.09318,0.29837,291,298
99,36,0.11280,0.11280,0.80029,0.04497,0.17995,291,298
99,37,0.10672,0.10672,0.82520,0.14194,0.26228,287,293
99,38,0.09253,0.09253,0.81299,0.08122,0.27713,329,335
99,39,0.09248,0.09248,0.82080,0.06712,0.26167,297,304
99,40,0.11163,0.11163,0.79199,0.13606,0.18129,297,304
99,41,0.12537,0.12537,0.80371,0.12352,0.27222,292,299
99,42,0.11696,0.11696,0.83203,0.07020,0.20259,287,294
99,43,0.10029,0.10029,0.83252,0.29723,0.47227,311,318
99,44,0.13069,0.13069,0.84375,0.13830,0.25165,252,259
100,0,0.11772,0.11772,0.80713,0.05311,0.20363,316,1159
100,1,0.09569,0.09569,0.78418,0.09645,0.40979,328,335
100,2,0.10342,0.10342,0.81152,0.10218,0.37546,312,319
100,3,0.10424,0.10424,0.83740,0.07360,0.18968,334,341
100,4,0.10803,0.10803,0.82959,0.08209,0.25413,309,316
100,5,0.10409,0.10409,0.81689,0.13259,0.22407,289,296
100,6,0.10729,0.10729,0.80469,0.08465,0.22866,302,309
100,7,0.09688,0.09688,0.81494,0.18587,0.33886,314,321
100,8,0.10573,0.10573,0.82324,0.20182,0.26000,305,312
100,9,0.09502,0.09502,0.79736,0.07423,0.16542,279,286
100,10,0.08421,0.08421,0.83545,0.10008,0.22262,308,315
100,11,0.11416,0.11416,0.82324,0.05420,0.19375,297,304
100,12,0.11482,0.11482,0.79980,0.06021,0.23662,304,311
100,13,0.09858,0.09858,0.82129,0.04778,0.21694,296,303
100,14,0.11872,0.11872,0.83789,0.04749,0.21850,305,312
100,15,0.12114,0.12114,0.80127,0.10379,0.29995,324,331
100,16,0.11456,0.11456,0.83691,0.16678,0.30434,293,300
100,17,0.11149,0.11149,0.80615,0.06772,0.28109,298,305
100,18,0.11353,0.11353,0.82471,0.08135,0.27026,294,301
100,19,0.09570,0.09570,0.80908,0.05635,0.15734,282,289
100,20,0.10708,0.10708,0.83105,0.10878,0.28010,296,303
100,21,0.11615,0.11615,0.81494,0.08328,0.20532,289,296
100,22,0.11766,0.11766,0.81738,0.09059,0.24541,328,335
100,23,0.10445,0.10445,0.80859,0.07288,0.20591,291,298
100,24,0.10016,0.10016,0.81592,0.15080,0.27134,302,309
100,25,0.09993,0.09993,0.83594,0.13214,0.23512,305,312
100,26,0.09640,0.09640,0.81738,0.15602,0.32266,282,289
100,27,0.10484,0.10484,0.81445,0.09400,0.21255,284,291
100,28,0.08858,0.08858,0.79736,0.14263,0.42361,294,301
100,29,0.10041,0.10041,0.80664,0.15183,0.23332,310,317
100,30,0.11912,0.11912,0.82275,0.04026,0.15273,311,318
100,31,0.10536,0.10536,0.82568,0.04671,0.21552,276,282
100,32,0.10539,0.10539,0.80273,0.07240,0.24072,279,286
100,33,0.11433,0.11433,0.80225,0.04198,0.17736,265,272
100,34,0.12065,0.12065,0.80225,0.04985,0.23678,314,321
100,35,0.11701,0.11701,0.84375,0.06803,0.31599,296,302
100,36,0.10032,0.10032,0.83643,0.07934,0.24673,303,309
100,37,0.07968,0.07968,0.79834,0.28964,0.34833,338,345
100,38,0.10122,0.10122,0.80713,0.18975,0.31453,291,298
100,39,0.11542,0.11542,0.81006,0.08154,0.18645,291,298
100,40,0.10639,0.10639,0.79834,0.08482,0.24470,305,312
100,41,0.11159,0.11159,0.81787,0.04185,0.20058,265,272
100,42,0.11695,0.11695,0.82910,0.14427,0.28189,275,282
100,43,0.12914,0.12914,0.82275,0.08573,0.21258,287,294
100,44,0.11545,0.11545,0.82031,0.09024,0.21530,319,326
